Material;Material short text;Final net price;Price quantity unit net price;Consumptions
02167-006;StoSeal Band AD-200 185 mm 25 m per roll;4,98;M;1,00 m/m
02167-007;StoSeal Band AD-200 75 mm;1,37;M;1,00 m/m
08754-028;StoSeal Band BUT-105 120 mm;2,52;M;1,00 m/m
08754-024;StoSeal Band Elast 75 mm (cover film 25;1,91;M;1,00 m/m
08754-025;StoSeal Band Elast inside corner grey 70/70/;3,86;ST;
08754-026;StoSeal Band Elast inside corner grey 70/70/;3,86;ST;
00508-001;Sto-joint putty WF plasticizer-free 310 ml;2,45;ST;
00016-001;StoColl Fix 290 ml cartridge;9,20;ST;4,00 - 8,00 m²/piece
01955-002;StoSeal F 100 310 ml;8,12;ST;
01900-003;Sto-expansion joint tape 25/10-18 mm anthracite;5,12;M;1,02 m/m
01900-004;Sto-expansion joint tape 25/10-18 mm light grey;6,81;M;1,02 m/m
01901-004;Sto-expansion joint tape 30/13-24 mm anthracite;11,63;M;1,02 m/m
01900-002;Sto-expansion joint tape 30/13-24 mm light grey;10,59;M;1,02 m/m
01900-001;Sto-expansion joint tape 37/17-32 mm anthracite;14,42;M;1,02 m/m
01947-001;Sto-expansion joint tape 37/17-32 mm light grey;16,27;M;1,02 m/m
01901-001;Sto-expansion joint tape 47/28-40 mm anthracite;32,68;M;1,02 m/m
01948-001;Sto-expansion joint tape 47/28-40 mm light grey;32,68;M;1,02 m/m
01943-005;Sto-window sill tape 20/1,5-3;1,17;M;1,00 m/m
01845-001;Sto-joint sealing tape 2D Typ 15/2-6 15 mm b;1,16;M;1,00 m/m
01846-001;Sto-joint sealing tape 2D Typ 15/5-12 15 mm;2,44;M;1,00 m/m
01944-016;Sto-joint sealing tape Lento 15/2-6;0,92;M;1,00 m/m
01944-017;Sto-joint sealing tape Lento 15/3-9;0,92;M;1,00 m/m
01944-007;Sto-joint sealing tape Lento 15/5-12;1,62;M;1,00 m/m
01944-005;Sto-joint sealing tape Lento 25/9-18;4,01;M;1,00 m/m
00506-001;Sto-gun foam SE B1 750 ml;11,74;ST;
00530-004;Sto-backer rod profile 1 cm;0,48;M;1,00 m/m
00530-005;Sto-backer rod profile 1,5 cm;0,60;M;1,00 m/m
00530-006;Sto-backer rod profile 2 cm;0,70;M;1,00 m/m
00530-007;Sto-backer rod profile 3 cm;1,32;M;1,00 m/m
00530-008;Sto-backer rod profile 4 cm;1,76;M;1,00 m/m
00530-009;Sto-backer rod profile 6 mm;0,23;M;1,00 m/m
09220-001;Sto-grooved tape;3,80;M;
01930-002;StoFoam Elast 600 750 ml;35,12;ST;
09594-002;Sto-drive-in anchor eco T SK-01 8/60 115 mm;0,49;ST;
09594-003;Sto-drive-in anchor eco T SK-01 8/60 135 mm;0,53;ST;
09594-004;Sto-drive-in anchor eco T SK-01 8/60 155 mm;0,61;ST;
09594-005;Sto-drive-in anchor eco T SK-01 8/60 175 mm;0,69;ST;
09594-006;Sto-drive-in anchor eco T SK-01 8/60 195 mm;0,86;ST;
09594-007;Sto-drive-in anchor eco T SK-01 8/60 215 mm;0,99;ST;
09594-008;Sto-drive-in anchor eco T SK-01 8/60 235 mm;1,20;ST;
09594-009;Sto-drive-in anchor eco T SK-01 8/60 255 mm;1,45;ST;
09594-010;Sto-drive-in anchor eco T SK-01 8/60 275 mm;1,53;ST;
09594-011;Sto-drive-in anchor eco T SK-01 8/60 295 mm;1,73;ST;
09594-001;Sto-drive-in anchor eco T SK-01 8/60 95 mm;0,47;ST;
04765-019;Sto-drive-in anchor T-Save UEZ-K 8/60 100 mm;0,47;ST;
04765-020;Sto-drive-in anchor T-Save UEZ-K 8/60 120 mm;0,53;ST;
04765-021;Sto-drive-in anchor T-Save UEZ-K 8/60 140 mm;0,53;ST;
04765-022;Sto-drive-in anchor T-Save UEZ-K 8/60 160 mm;0,58;ST;
04765-023;Sto-drive-in anchor T-Save UEZ-K 8/60 180 mm;0,64;ST;
04765-024;Sto-drive-in anchor T-Save UEZ-K 8/60 200 mm;0,73;ST;
04765-030;Sto-drive-in anchor T-Save UEZ-K 8/60 220 mm;0,95;ST;
04765-026;Sto-drive-in anchor T-Save UEZ-K 8/60 240 mm;1,16;ST;
04765-027;Sto-drive-in anchor T-Save UEZ-K 8/60 260 mm;1,55;ST;
04765-028;Sto-drive-in anchor T-Save UEZ-K 8/60 280 mm;1,66;ST;
04765-029;Sto-drive-in anchor T-Save UEZ-K 8/60 300 mm;1,77;ST;
01150-001;Sto-drive-in anchor UK8/60  70 mm;0,27;ST;
01150-002;Sto-drive-in anchor UK8/60  90 mm;0,31;ST;
09333-001;Sto-Ecotwist 10-30;1,25;ST;
09333-006;Sto-Ecotwist 30-60;1,61;ST;
02754-022;Sto-screw anchor S1 short 8/60 100 mm;0,50;ST;1,0 pc/pc
02754-020;Sto-screw anchor S1 short 8/60 60 mm;0,49;ST;1,0 pc/pc
02754-021;Sto-screw anchor S1 short 8/60 80 mm;0,50;ST;1,0 pc/pc
01011-059;Sto-thermal anchor II UEZ 8/60 115 mm;0,46;ST;
01011-060;Sto-thermal anchor II UEZ 8/60 135 mm;0,47;ST;
01011-061;Sto-thermal anchor II UEZ 8/60 155 mm;0,56;ST;
01011-062;Sto-thermal anchor II UEZ 8/60 175 mm;0,68;ST;
01011-063;Sto-thermal anchor II UEZ 8/60 195 mm;0,88;ST;
01011-064;Sto-thermal anchor II UEZ 8/60 215 mm;1,03;ST;
01011-065;Sto-thermal anchor II UEZ 8/60 235 mm;1,14;ST;
01011-066;Sto-thermal anchor II UEZ 8/60 255 mm;1,30;ST;
01011-067;Sto-thermal anchor II UEZ 8/60 275 mm;1,48;ST;
01011-068;Sto-thermal anchor II UEZ 8/60 295 mm;1,64;ST;
01011-069;Sto-thermal anchor II UEZ 8/60 315 mm;2,34;ST;
01011-070;Sto-thermal anchor II UEZ 8/60 335 mm;2,79;ST;
01011-071;Sto-thermal anchor II UEZ 8/60 355 mm;3,18;ST;
01011-072;Sto-thermal anchor II UEZ 8/60 375 mm;3,63;ST;
01011-073;Sto-thermal anchor II UEZ 8/60 395 mm;4,07;ST;
01011-074;Sto-thermal anchor II UEZ 8/60 415 mm;4,30;ST;
01011-075;Sto-thermal anchor II UEZ 8/60 435 mm;4,62;ST;
01011-076;Sto-thermal anchor II UEZ 8/60 455 mm;4,91;ST;
04537-001;Sto-thermal anchor II-F 8/110 115 mm;0,84;ST;
04537-002;Sto-thermal anchor II-F 8/110 135 mm;0,91;ST;
04537-003;Sto-thermal anchor II-F 8/110 155 mm;0,99;ST;
04537-004;Sto-thermal anchor II-F 8/110 175 mm;1,10;ST;
04537-005;Sto-thermal anchor II-F 8/110 195 mm;1,27;ST;
04537-006;Sto-thermal anchor II-F 8/110 215 mm;1,41;ST;
04537-007;Sto-thermal anchor II-F 8/110 235 mm;1,58;ST;
04537-008;Sto-thermal anchor II-F 8/110 255 mm;1,74;ST;
04537-009;Sto-thermal anchor II-F 8/110 275 mm;1,90;ST;
04537-010;Sto-thermal anchor II-F 8/110 295 mm;2,06;ST;
04537-011;Sto-thermal anchor II-F 8/110 315 mm;2,73;ST;
04537-013;Sto-thermal anchor II-F 8/110 355 mm;3,55;ST;
04537-014;Sto-thermal anchor II-F 8/110 375 mm;3,97;ST;
04536-002;Sto-thermal anchor II-F 8/60 115 mm;0,39;ST;
04536-003;Sto-thermal anchor II-F 8/60 135 mm;0,46;ST;
04536-004;Sto-thermal anchor II-F 8/60 155 mm;0,55;ST;
04536-005;Sto-thermal anchor II-F 8/60 175 mm;0,65;ST;
04536-006;Sto-thermal anchor II-F 8/60 195 mm;0,84;ST;
04536-007;Sto-thermal anchor II-F 8/60 215 mm;0,99;ST;
04536-008;Sto-thermal anchor II-F 8/60 235 mm;1,15;ST;
04536-009;Sto-thermal anchor II-F 8/60 255 mm;1,32;ST;
04536-010;Sto-thermal anchor II-F 8/60 275 mm;1,50;ST;
04536-011;Sto-thermal anchor II-F 8/60 295 mm;1,65;ST;
04536-016;Sto-thermal anchor II-F 8/60 315 mm;2,25;ST;
04536-013;Sto-thermal anchor II-F 8/60 335 mm;2,69;ST;
04536-014;Sto-thermal anchor II-F 8/60 355 mm;3,07;ST;
04536-015;Sto-thermal anchor II-F 8/60 375 mm;3,64;ST;
04536-001;Sto-thermal anchor II-F 8/60 95 mm;0,36;ST;
01011-117;thermal anchor TD-20 315 mm;3,02;ST;
01011-118;thermal anchor TD-20 335 mm;3,54;ST;
02653-012;Sto-screw anchor H 60  80 mm;0,44;ST;
02653-013;Sto-screw anchor H 60 100 mm;0,50;ST;
02653-014;Sto-screw anchor H 60 120 mm;0,57;ST;
02653-015;Sto-screw anchor H 60 140 mm;0,66;ST;
02653-016;Sto-screw anchor H 60 160 mm;0,74;ST;
02653-017;Sto-screw anchor H 60 180 mm;0,79;ST;
02653-018;Sto-screw anchor H 60 200 mm;0,87;ST;
02653-019;Sto-screw anchor H 60 220 mm;1,00;ST;
02653-020;Sto-screw anchor H 60 240 mm;1,14;ST;
02653-021;Sto-screw anchor H 60 260 mm;1,27;ST;
02653-022;Sto-screw anchor H 60 280 mm;1,40;ST;
02653-023;Sto-screw anchor H 60 300 mm;1,57;ST;
02653-039;Sto-screw anchor H 60 320 mm;2,30;ST;
02653-040;Sto-screw anchor H 60 340 mm;2,50;ST;
02653-047;Sto-screw anchor H 60 E 100 mm;1,26;ST;
02653-048;Sto-screw anchor H 60 E 120 mm;1,53;ST;
02653-049;Sto-screw anchor H 60 E 140 mm;1,82;ST;
02653-050;Sto-screw anchor H 60 E 160 mm;2,11;ST;
02653-045;Sto-screw anchor H 60 E 180 mm;2,14;ST;
02653-051;Sto-screw anchor H 60 E 200 mm;2,31;ST;
02653-043;Sto-screw anchor H 60 E 220 mm;2,41;ST;
02653-044;Sto-screw anchor H 60 E 240 mm;2,61;ST;
02653-052;Sto-screw anchor H 60 E 260 mm;2,96;ST;
02653-053;Sto-screw anchor H 60 E 280 mm;3,13;ST;
02653-054;Sto-screw anchor H 60 E 300 mm;3,41;ST;
02653-055;Sto-screw anchor H 60 E 320 mm;3,45;ST;
02653-046;Sto-screw anchor H 60 E 80 mm;1,24;ST;
00935-005;StoFix Circonic screw anchor B3 green;2,33;ST;8,00 St./m²
00935-006;StoFix Circonic screw anchor B300 schwar;3,02;ST;8,00 St./m²
00935-018;StoFix Circonic screw anchor L2 green;2,62;ST;8,00 St./m²
00935-019;StoFix Circonic screw anchor L200 schwar;3,24;ST;8,00 St./m²
01146-001;Sto-anchor combination washer 140 mm plastic;0,49;ST;
01146-002;Sto-anchor combination washer 90 mm plastic;0,30;ST;
01146-020;Sto-anchor combination washer H 140 mm;0,63;ST;
01146-019;Sto-anchor combination washer H 90 mm;0,31;ST;
01146-023;Sto-anchor combination washer II-F 140 mm;0,49;ST;
01146-022;Sto-anchor combination washer II-F 90 mm;0,30;ST;
01145-012;Sto-anchor plate SBH-T 2G 60 mm;0,20;ST;
01146-013;Sto-recessed anchor plate;0,50;ST;1,00 pc/pc
09333-002;Sto-Ecotwist VE EPS grey (Verschlusselem;0,12;ST;
09333-008;Sto-Ecotwist VE MW (closure element);0,18;ST;
00931-003;Sto-thermal anchor VE (closure element);0,03;ST;
00931-022;Sto-thermal anchor II-F washer EPS grey;0,09;ST;1,0 pc/pc
00931-021;Sto-thermal anchor II-F washer Mineralwoll;0,11;ST;1,0 pc/pc
00931-002;Sto-thermal anchor washer MW;0,11;ST;1,00 pc/pc
00931-020;Sto-thermal anchor washer PIR;0,76;ST;
00931-005;Sto-thermal anchor washer PS grey;0,09;ST;1,00 pc/pc
00931-001;Sto-thermal anchor washer PS white;0,11;ST;1,00 pc/pc
00931-006;Sto-thermal anchor washer Resol RPH;0,21;ST;
00980-003;StoFix Circonic Streifen MW 60x30 mm L=1;161,85;ST;
04893-002;Sto-Attikaprofil corner piece;6,50;ST;
09390-010;Sto-joint side profile-Verbinder;1,35;ST;1,00 m/m
00504-001;Sto-scaffold anchor plug;0,94;ST;1 pc/pc
00504-002;Sto-scaffold anchor plug CEP;2,09;ST;
07962-011;Sto-Klebewinkel PH;0,53;ST;
01077-022;Sto-Sockelleistenverbinder L;4,63;M;1,00 pc/pc
01077-017;Sto-Sockelleistenverbinder S 30 mm;0,21;ST;1,00 pc/pc
01070-001;Sto-Unterlegscheibe  3 mm plastic;0,16;ST;1,00 pc/pc
01004-001;Sto-Unterlegscheibe  8 mm plastic;0,17;ST;1,00 pc/pc
01073-001;Sto-Unterlegscheibe 15 mm plastic;0,22;ST;1,00 pc/pc
09063-006;StoElement Tube SL 110 mm;36,68;ST;1,00 pc/pc
09063-007;StoElement Tube SL 125 mm;38,84;ST;1,00 pc/pc
09063-003;StoElement Tube SL 50 mm;28,05;ST;1,00 pc/pc
09063-004;StoElement Tube SL 75 mm;30,21;ST;1,00 pc/pc
09063-005;StoElement Tube SL 90 mm;32,36;ST;1,00 pc/pc
02097-003;StoProfile Drainage;3,80;PAA;
08406-022;StoFentra EPS-Keil 5° 100 cm long;3,53;M;
08406-030;StoFentra Stufenkeil 5° 100 cm long;7,43;M;
00490-006;Sto-Pistolenreiniger 500 ml;10,28;ST;
01836-007;illbruck ME904;31,44;L;0,30 - 0,50 l/m² on soft wood fiber insulation boards
02097-002;StoDivers GLM 1000 ml;7,25;ST;
08323-012;cleaning brushes D 14 mm + D 20 mm;12,93;ST;
01836-005;StoPrim Pen;31,71;ST;1,00 pc/pc
01926-002;StoSeal L 110;10,91;KG;0,5 - 1,0 kg/m² depending on the substrate
08323-011;injection mortar EJOT Multifix USF 280 m;22,25;ST;
08323-013;injection mortar EJOT Multifix USF Winte;22,25;ST;
04883-001;Sto-drive-in anchor S UEZ 8 45 mm;0,20;ST;
04883-002;Sto-drive-in anchor S UEZ 8 65 mm;0,22;ST;
04883-003;Sto-drive-in anchor S UEZ 8 85 mm;0,23;ST;
04879-004;Sto-screw anchor S UEZ 8 105 mm;0,40;ST;
04879-001;Sto-screw anchor S UEZ 8 45 mm;0,27;ST;
04879-002;Sto-screw anchor S UEZ 8 65 mm;0,31;ST;
04879-003;Sto-screw anchor S UEZ 8 85 mm;0,35;ST;
08763-004;Sto-facade renovation anchor VSD 2G 8U-V 01;2,97;ST;
08763-005;Sto-facade renovation anchor VSD 2G 8U-V 01;3,46;ST;
08763-006;Sto-facade renovation anchor VSD 2G 8U-V 01;3,61;ST;
08763-007;Sto-facade renovation anchor VSD 2G 8U-V 01;3,74;ST;
08763-008;Sto-facade renovation anchor VSD 2G 8U-V 01;3,90;ST;
08763-009;Sto-facade renovation anchor VSD 2G 8U-V 01;4,05;ST;
08763-010;Sto-facade renovation anchor VSD 2G 8U-V 01;4,25;ST;
08029-030;StoFix support bracket injection anchor (for 1;15,23;ST;
08029-020;StoFix support bracket frame anchor;5,68;ST;
08029-022;StoFix support bracket Schraubanker;5,22;ST;
01896-020;StoFix Trawik PU screw;2,27;ST;1,00 pc/pc
01896-016;StoFix Trawik PU/TWL injection anchor;7,25;ST;
01896-015;StoFix Trawik PU/TWL frame anchor;6,25;ST;
02695-049;Sto-insulation board EPS 034 10 cm 100x50 cm;7,59;M2;
02695-051;Sto-insulation board EPS 034 12 cm 100x50 cm;9,11;M2;
02695-053;Sto-insulation board EPS 034 14 cm 100x50 cm;10,63;M2;
02695-055;Sto-insulation board EPS 034 16 cm 100x50 cm;12,14;M2;
02695-057;Sto-insulation board EPS 034 18 cm 100x50 cm;13,66;M2;
02695-059;Sto-insulation board EPS 034 20 cm 100x50 cm;15,18;M2;
02695-061;Sto-insulation board EPS 034 22 cm 100x50 cm;16,70;M2;
02695-063;Sto-insulation board EPS 034 24 cm 100x50 cm;18,22;M2;
02695-065;Sto-insulation board EPS 034 26 cm 100x50 cm;19,73;M2;
02695-067;Sto-insulation board EPS 034 28 cm 100x50 cm;21,25;M2;
02695-069;Sto-insulation board EPS 034 30 cm 100x50 cm;22,77;M2;
02695-071;Sto-insulation board EPS 034 32 cm 100x50 cm;24,29;M2;
02695-073;Sto-insulation board EPS 034 34 cm 100x50 cm;25,81;M2;
02695-075;Sto-insulation board EPS 034 36 cm 100x50 cm;27,33;M2;
02695-077;Sto-insulation board EPS 034 38 cm 100x50 cm;28,85;M2;
02695-079;Sto-insulation board EPS 034 40 cm 100x50 cm;30,36;M2;
02695-045;Sto-insulation board EPS 034 6 cm 100x50 cm;4,55;M2;
02695-047;Sto-insulation board EPS 034 8 cm 100x50 cm;6,07;M2;
04900-002;Sto-insulation board Top32  2 cm 100x50 cm;1,60;M2;1,00 m²/m²
04900-004;Sto-insulation board Top32  4 cm 100x50 cm;3,20;M2;1,00 m²/m²
04900-008;Sto-insulation board Top32  8 cm 100x50 cm;6,40;M2;1,00 m²/m²
04900-010;Sto-insulation board Top32 10 cm 100x50 cm;8,00;M2;1,00 m²/m²
04900-012;Sto-insulation board Top32 12 cm 100x50 cm;9,60;M2;1,00 m²/m²
04900-014;Sto-insulation board Top32 14 cm 100x50 cm;11,20;M2;1,00 m²/m²
04900-016;Sto-insulation board Top32 16 cm 100x50 cm;12,80;M2;1,00 m²/m²
04900-018;Sto-insulation board Top32 18 cm 100x50 cm;14,40;M2;1,00 m²/m²
04900-020;Sto-insulation board Top32 20 cm 100x50 cm;16,00;M2;1,00 m²/m²
04900-022;Sto-insulation board Top32 22 cm 100x50 cm;17,60;M2;1,00 m²/m²
04900-024;Sto-insulation board Top32 24 cm 100x50 cm;19,20;M2;1,00 m²/m²
04900-026;Sto-insulation board Top32 26 cm 100x50 cm;20,80;M2;1,00 m²/m²
04900-028;Sto-insulation board Top32 28 cm 100x50 cm;22,40;M2;1,00 m²/m²
04900-030;Sto-insulation board Top32 30 cm 100x50 cm;24,00;M2;1,00 m²/m²
04900-032;Sto-insulation board Top32 32 cm 100x50 cm;25,60;M2;1,00 m²/m²
04900-034;Sto-insulation board Top32 34 cm 100x50 cm;27,20;M2;1,00 m²/m²
04900-036;Sto-insulation board Top32 36 cm 100x50 cm;28,80;M2;1,00 m²/m²
04900-038;Sto-insulation board Top32 38 cm 100x50 cm;30,40;M2;1,00 m²/m²
04900-040;Sto-insulation board Top32 40 cm 100x50 cm;32,00;M2;1,00 m²/m²
04900-006;Sto-insulation board Top32 6 cm 100x50 cm;4,80;M2;1,00 m²/m²
04900-229;Sto-insulation board Top32 Biomass 10 cm 100x5;16,88;M2;1,0 m²/m²
04900-231;Sto-insulation board Top32 Biomass 12 cm 100x5;20,25;M2;1,0 m²/m²
04900-233;Sto-insulation board Top32 Biomass 14 cm 100x5;23,62;M2;1,0 m²/m²
04900-235;Sto-insulation board Top32 Biomass 16 cm 100x5;27,00;M2;1,0 m²/m²
04900-237;Sto-insulation board Top32 Biomass 18 cm 100x5;30,37;M2;1,0 m²/m²
04900-239;Sto-insulation board Top32 Biomass 20 cm 100x5;33,75;M2;1,0 m²/m²
04900-241;Sto-insulation board Top32 Biomass 22 cm 100x5;37,13;M2;1,0 m²/m²
04900-243;Sto-insulation board Top32 Biomass 24 cm 100x5;40,50;M2;1,0 m²/m²
04900-245;Sto-insulation board Top32 Biomass 26 cm 100x5;43,88;M2;1,0 m²/m²
04900-247;Sto-insulation board Top32 Biomass 28 cm 100x5;47,26;M2;1,0 m²/m²
04900-249;Sto-insulation board Top32 Biomass 30 cm 100x5;50,63;M2;1,0 m²/m²
04900-251;Sto-insulation board Top32 Biomass 32 cm 100x5;54,00;M2;1,0 m²/m²
04900-253;Sto-insulation board Top32 Biomass 34 cm 100x5;57,38;M2;1,0 m²/m²
04900-255;Sto-insulation board Top32 Biomass 36 cm 100x5;60,75;M2;1,0 m²/m²
04900-257;Sto-insulation board Top32 Biomass 38 cm 100x5;64,11;M2;1,0 m²/m²
04900-259;Sto-insulation board Top32 Biomass 40 cm 100x5;67,50;M2;1,0 m²/m²
04900-225;Sto-insulation board Top32 Biomass 6 cm 100x50;10,12;M2;1,0 m²/m²
04900-227;Sto-insulation board Top32 Biomass 8 cm 100x50;13,50;M2;1,0 m²/m²
04901-061;Sto-insulation board Top32 Biomass NF BS 10 cm;18,64;M2;1,04 m²/m²
04901-062;Sto-insulation board Top32 Biomass NF BS 11 cm;20,50;M2;1,04 m²/m²
04901-063;Sto-insulation board Top32 Biomass NF BS 12 cm;22,37;M2;1,04 m²/m²
04901-064;Sto-insulation board Top32 Biomass NF BS 13 cm;24,23;M2;1,04 m²/m²
04901-065;Sto-insulation board Top32 Biomass NF BS 14 cm;26,09;M2;1,04 m²/m²
04901-066;Sto-insulation board Top32 Biomass Nf BS 15 cm;27,96;M2;1,04 m²/m²
04901-067;Sto-insulation board Top32 Biomass NF BS 16 cm;29,82;M2;1,04 m²/m²
04901-068;Sto-insulation board Top32 Biomass NF BS 17 cm;31,68;M2;1,04 m²/m²
04901-069;Sto-insulation board Top32 Biomass NF BS 18 cm;33,55;M2;1,04 m²/m²
04901-070;Sto-insulation board Top32 Biomass NF BS 19 cm;35,41;M2;1,04 m²/m²
04901-071;Sto-insulation board Top32 Biomass NF BS 20 cm;37,28;M2;1,04 m²/m²
04901-073;Sto-insulation board Top32 Biomass NF BS 22 cm;41,00;M2;1,04 m²/m²
04901-074;Sto-insulation board Top32 Biomass NF BS 23 cm;42,87;M2;1,04 m²/m²
04901-075;Sto-insulation board Top32 Biomass NF BS 24 cm;44,73;M2;1,04 m²/m²
04901-076;Sto-insulation board Top32 Biomass NF BS 25 cm;46,60;M2;1,04 m²/m²
04901-077;Sto-insulation board Top32 Biomass NF BS 26 cm;48,46;M2;1,04 m²/m²
04901-078;Sto-insulation board Top32 Biomass NF BS 27 cm;50,32;M2;1,04 m²/m²
04901-079;Sto-insulation board Top32 Biomass NF BS 28 cm;52,19;M2;1,04 m²/m²
04901-056;Sto-insulation board Top32 Biomass NF BS 4 cm;7,46;M2;1,04 m²/m²
04901-057;Sto-insulation board Top32 Biomass NF BS 6 cm;11,18;M2;1,04 m²/m²
04901-058;Sto-insulation board Top32 Biomass NF BS 7 cm;13,05;M2;1,04 m²/m²
04901-059;Sto-insulation board Top32 Biomass NF BS 8 cm;14,91;M2;1,04 m²/m²
04901-060;Sto-insulation board Top32 Biomass NF BS 9 cm;16,77;M2;1,04 m²/m²
04901-002;Sto-insulation board Top32 NF BS  6 cm 100x50;7,83;M2;1,04 m²/m²
04901-004;Sto-insulation board Top32 NF BS  8 cm 100x50;10,44;M2;1,04 m²/m²
04901-006;Sto-insulation board Top32 NF BS 10 cm 100x50;13,05;M2;1,04 m²/m²
04901-008;Sto-insulation board Top32 NF BS 12 cm 100x50;15,66;M2;1,04 m²/m²
04901-010;Sto-insulation board Top32 NF BS 14 cm 100x50;18,27;M2;1,04 m²/m²
04901-012;Sto-insulation board Top32 NF BS 16 cm 100x50;20,88;M2;1,04 m²/m²
04901-014;Sto-insulation board Top32 NF BS 18 cm 100x50;23,49;M2;1,04 m²/m²
04901-016;Sto-insulation board Top32 NF BS 20 cm 100x50;26,10;M2;1,04 m²/m²
04901-018;Sto-insulation board Top32 NF BS 22 cm 100x50;28,71;M2;1,04 m²/m²
04901-020;Sto-insulation board Top32 NF BS 24 cm 100x50;31,32;M2;1,04 m²/m²
04901-022;Sto-insulation board Top32 NF BS 26 cm 100x50;33,93;M2;1,04 m²/m²
04901-024;Sto-insulation board Top32 NF BS 28 cm 100x50;36,54;M2;1,04 m²/m²
04901-026;Sto-insulation board Top32 NF BS 30 cm 100x50;39,15;M2;1,04 m²/m²
04901-032;Sto-insulation board Top32 NF BS 32 cm 100x50;41,76;M2;1,04 m²/m²
04901-034;Sto-insulation board Top32 NF BS 34 cm 100x50;44,37;M2;1,04 m²/m²
04901-036;Sto-insulation board Top32 NF BS 36 cm 100x50;46,98;M2;1,04 m²/m²
04901-038;Sto-insulation board Top32 NF BS 38 cm 100x50;49,59;M2;1,04 m²/m²
04901-040;Sto-insulation board Top32 NF BS 40 cm 100x50;52,20;M2;1,04 m²/m²
08755-007;Sto-insulation board Top32 Silent 10 cm 100x50;13,69;M2;1,00 m²/m²
08755-009;Sto-insulation board Top32 Silent 12 cm 100x50;16,43;M2;1,00 m²/m²
08755-011;Sto-insulation board Top32 Silent 14 cm 100x50;19,16;M2;1,00 m²/m²
08755-013;Sto-insulation board Top32 Silent 16 cm 100x50;21,90;M2;1,00 m²/m²
08755-015;Sto-insulation board Top32 Silent 18 cm 100x50;24,64;M2;1,00 m²/m²
08755-017;Sto-insulation board Top32 Silent 20 cm 100x50;27,38;M2;1,00 m²/m²
08755-003;Sto-insulation board Top32 Silent 6 cm 100x50;8,21;M2;1,00 m²/m²
08755-005;Sto-insulation board Top32 Silent 8 cm 100x50;10,95;M2;1,00 m²/m²
08755-031;Sto-insulation board Top32 Silent II 10 cm 100;12,45;M2;1,00 m²/m²
08755-033;Sto-insulation board Top32 Silent II 12 cm 100;14,94;M2;1,00 m²/m²
08755-035;Sto-insulation board Top32 Silent II 14 cm 100;17,43;M2;1,00 m²/m²
08755-037;Sto-insulation board Top32 Silent II 16 cm 100;19,92;M2;1,00 m²/m²
08755-039;Sto-insulation board Top32 Silent II 18 cm 100;22,41;M2;1,00 m²/m²
08755-041;Sto-insulation board Top32 Silent II 20 cm 100;24,90;M2;1,00 m²/m²
08755-020;Sto-insulation board Top32 Silent II 22 cm 100;27,39;M2;1,00 m²/m²
08755-022;Sto-insulation board Top32 Silent II 24 cm 100;29,88;M2;1,00 m²/m²
08755-024;Sto-insulation board Top32 Silent II 26 cm 100;32,37;M2;1,00 m²/m²
08755-026;Sto-insulation board Top32 Silent II 28 cm 100;34,86;M2;1,00 m²/m²
08755-028;Sto-insulation board Top32 Silent II 30 cm 100;37,35;M2;1,00 m²/m²
08755-029;Sto-insulation board Top32 Silent II 8 cm 100x;9,96;M2;1,00 m²/m²
04900-152;Sto-insulation board Top32 15 cm 258,4x40 cm S;12,00;M2;1,00 m²/m²
04900-139;Sto-insulation board Top32 15,3 cm 100x66 cm S;12,24;M2;1,00 m²/m²
04900-154;Sto-insulation board Top32 4 cm 258,4x120 cm S;3,20;M2;1,00 m²/m²
09466-014;Sto-EPS insulation board Polar II 032 10 cm 10;13,20;M2;1,00 m²/m²
09466-015;Sto-EPS insulation board Polar II 032 12 cm 10;15,84;M2;1,00 m²/m²
09466-016;Sto-EPS insulation board Polar II 032 14 cm 10;18,48;M2;1,00 m²/m²
09466-017;Sto-EPS insulation board Polar II 032 16 cm 10;21,12;M2;1,00 m²/m²
09466-018;Sto-EPS insulation board Polar II 032 18 cm 10;23,76;M2;1,00 m²/m²
09466-019;Sto-EPS insulation board Polar II 032 20 cm 10;26,40;M2;1,00 m²/m²
09466-008;Sto-EPS insulation board Polar II 032 22 cm 10;29,04;M2;1,00 m²/m²
09466-012;Sto-EPS insulation board Polar II 032 24 cm 10;31,68;M2;1,00 m²/m²
09466-009;Sto-EPS insulation board Polar II 032 26 cm 10;34,32;M2;1,00 m²/m²
09466-010;Sto-EPS insulation board Polar II 032 28 cm 10;36,96;M2;1,00 m²/m²
09466-011;Sto-EPS insulation board Polar II 032 30 cm 10;39,60;M2;1,00 m²/m²
09466-013;Sto-EPS insulation board Polar II 032 8 cm 100;10,56;M2;1,00 m²/m²
09597-002;Sto-EPS insulation board Polar II 032 NF BS 10;14,06;M2;1,04 m²/m²
09597-003;Sto-EPS insulation board Polar II 032 NF BS 12;16,88;M2;1,04 m²/m²
09597-004;Sto-EPS insulation board Polar II 032 NF BS 14;19,69;M2;1,04 m²/m²
09597-005;Sto-EPS insulation board Polar II 032 NF BS 16;22,50;M2;1,04 m²/m²
09597-006;Sto-EPS insulation board Polar II 032 NF BS 18;25,31;M2;1,04 m²/m²
09597-007;Sto-EPS insulation board Polar II 032 NF BS 20;28,13;M2;1,04 m²/m²
09597-008;Sto-EPS insulation board Polar II 032 NF BS 22;30,94;M2;1,04 m²/m²
09597-009;Sto-EPS insulation board Polar II 032 NF BS 24;33,75;M2;1,04 m²/m²
09597-010;Sto-EPS insulation board Polar II 032 NF BS 26;36,57;M2;1,04 m²/m²
09597-011;Sto-EPS insulation board Polar II 032 NF BS 28;39,38;M2;1,04 m²/m²
09597-012;Sto-EPS insulation board Polar II 032 NF BS 30;42,19;M2;1,04 m²/m²
09597-001;Sto-EPS insulation board Polar II 032 NF BS 8;11,25;M2;1,04 m²/m²
09600-002;Sto-EPS insulation board Polar II 034 10 cm 10;12,68;M2;1,00 m²/m²
09600-003;Sto-EPS insulation board Polar II 034 12 cm 10;15,21;M2;1,00 m²/m²
09600-004;Sto-EPS insulation board Polar II 034 14 cm 10;17,74;M2;1,00 m²/m²
09600-005;Sto-EPS insulation board Polar II 034 16 cm 10;20,28;M2;1,00 m²/m²
09600-006;Sto-EPS insulation board Polar II 034 18 cm 10;22,81;M2;1,00 m²/m²
09600-007;Sto-EPS insulation board Polar II 034 20 cm 10;25,35;M2;1,00 m²/m²
09600-008;Sto-EPS insulation board Polar II 034 22 cm 10;27,89;M2;1,00 m²/m²
09600-009;Sto-EPS insulation board Polar II 034 24 cm 10;30,42;M2;1,00 m²/m²
09600-010;Sto-EPS insulation board Polar II 034 26 cm 10;32,96;M2;1,00 m²/m²
09600-011;Sto-EPS insulation board Polar II 034 28 cm 10;35,49;M2;1,00 m²/m²
09600-012;Sto-EPS insulation board Polar II 034 30 cm 10;38,03;M2;1,00 m²/m²
09600-001;Sto-EPS insulation board Polar II 034 8 cm 100;10,14;M2;1,00 m²/m²
09602-002;Sto-EPS insulation board Polar II 034 NF BS 10;13,54;M2;1,04 m²/m²
09602-003;Sto-EPS insulation board Polar II 034 NF BS 12;16,25;M2;1,04 m²/m²
09602-004;Sto-EPS insulation board Polar II 034 NF BS 14;18,95;M2;1,04 m²/m²
09602-005;Sto-EPS insulation board Polar II 034 NF BS 16;21,66;M2;1,04 m²/m²
09602-006;Sto-EPS insulation board Polar II 034 NF BS 18;24,37;M2;1,04 m²/m²
09602-007;Sto-EPS insulation board Polar II 034 NF BS 20;27,08;M2;1,04 m²/m²
09602-008;Sto-EPS insulation board Polar II 034 NF BS 22;29,79;M2;1,04 m²/m²
09602-009;Sto-EPS insulation board Polar II 034 NF BS 24;32,49;M2;1,04 m²/m²
09602-010;Sto-EPS insulation board Polar II 034 NF BS 26;35,20;M2;1,04 m²/m²
09602-011;Sto-EPS insulation board Polar II 034 NF BS 28;37,91;M2;1,04 m²/m²
09602-012;Sto-EPS insulation board Polar II 034 NF BS 30;40,62;M2;1,04 m²/m²
09602-001;Sto-EPS insulation board Polar II 034 NF BS 8;10,83;M2;1,04 m²/m²
02695-008;rigid foam PS15SE 034 10 cm 100x50 cm;7,59;M2;1,00 m²/m²
02695-010;rigid foam PS15SE 034 12 cm 100x50 cm;9,11;M2;1,00 m²/m²
02695-012;rigid foam PS15SE 034 14 cm 100x50 cm;10,63;M2;1,00 m²/m²
02695-014;rigid foam PS15SE 034 16 cm 100x50 cm;12,14;M2;1,00 m²/m²
02695-016;rigid foam PS15SE 034 18 cm 100x50 cm;13,66;M2;1,00 m²/m²
02695-018;rigid foam PS15SE 034 20 cm 100x50 cm;15,18;M2;1,00 m²/m²
02695-020;rigid foam PS15SE 034 22 cm 100x50 cm;16,70;M2;1,00 m²/m²
02695-022;rigid foam PS15SE 034 24 cm 100x50 cm;18,22;M2;1,00 m²/m²
02695-024;rigid foam PS15SE 034 26 cm 100x50 cm;19,73;M2;1,00 m²/m²
02695-026;rigid foam PS15SE 034 28 cm 100x50 cm;21,25;M2;1,00 m²/m²
02695-028;rigid foam PS15SE 034 30 cm 100x50 cm;22,77;M2;1,00 m²/m²
02695-030;rigid foam PS15SE 034 32 cm 100x50 cm;24,29;M2;1,00 m²/m²
02695-032;rigid foam PS15SE 034 34 cm 100x50 cm;25,81;M2;1,00 m²/m²
02695-034;rigid foam PS15SE 034 36 cm 100x50 cm;27,32;M2;1,00 m²/m²
02695-036;rigid foam PS15SE 034 38 cm 100x50 cm;28,84;M2;1,00 m²/m²
02695-038;rigid foam PS15SE 034 40 cm 100x50 cm;30,36;M2;1,00 m²/m²
02695-005;rigid foam PS15SE 034 6 cm 100x50 cm;4,55;M2;1,00 m²/m²
02695-006;rigid foam PS15SE 034 8 cm 100x50 cm;6,07;M2;1,00 m²/m²
04216-007;rigid foam 034 PS15SE NF BS 10 cm 100x50;12,45;M2;1,04 m²/m²
04216-009;rigid foam 034 PS15SE NF BS 12 cm 100x50;14,94;M2;1,04 m²/m²
04216-011;rigid foam 034 PS15SE NF BS 14 cm 100x50;17,43;M2;1,04 m²/m²
04216-013;rigid foam 034 PS15SE NF BS 16 cm 100x50;19,92;M2;1,04 m²/m²
04216-015;rigid foam 034 PS15SE NF BS 18 cm 100x50;22,41;M2;1,04 m²/m²
04216-017;rigid foam 034 PS15SE NF BS 20 cm 100x50;24,90;M2;1,04 m²/m²
04216-019;rigid foam 034 PS15SE NF BS 22 cm 100x50;27,39;M2;1,04 m²/m²
04216-021;rigid foam 034 PS15SE NF BS 24 cm 100x50;29,88;M2;1,04 m²/m²
04216-023;rigid foam 034 PS15SE NF BS 26 cm 100x50;32,37;M2;1,04 m²/m²
04216-025;rigid foam 034 PS15SE NF BS 28 cm 100x50;34,86;M2;1,04 m²/m²
04216-027;rigid foam 034 PS15SE NF BS 30 cm 100x50;37,35;M2;1,04 m²/m²
04216-029;rigid foam 034 PS15SE NF BS 32 cm 100x50;39,84;M2;1,04 m²/m²
04216-031;rigid foam 034 PS15SE NF BS 34 cm 100x50;42,33;M2;1,04 m²/m²
04216-033;rigid foam 034 PS15SE NF BS 36 cm 100x50;44,82;M2;1,04 m²/m²
04216-035;rigid foam 034 PS15SE NF BS 38 cm 100x50;47,31;M2;1,04 m²/m²
04216-037;rigid foam 034 PS15SE NF BS 40 cm 100x50;49,80;M2;1,04 m²/m²
04216-003;rigid foam 034 PS15SE NF BS 6 cm 100x50;7,47;M2;1,04 m²/m²
04216-005;rigid foam 034 PS15SE NF BS 8 cm 100x50;9,96;M2;1,04 m²/m²
00192-001;Sto-Weichfaserplatte M 039 10 cm 120x40;25,90;M2;1,00 m²/m²
00192-001;Sto-Weichfaserplatte M 039 10 cm 120x40;23,85;M2;1,00 m²/m²
00192-002;Sto-Weichfaserplatte M 039 12 cm 120x40;31,08;M2;1,00 m²/m²
00192-002;Sto-Weichfaserplatte M 039 12 cm 120x40;28,62;M2;1,00 m²/m²
00192-003;Sto-Weichfaserplatte M 039 14 cm 120x40;36,26;M2;1,00 m²/m²
00192-003;Sto-Weichfaserplatte M 039 14 cm 120x40;33,39;M2;1,00 m²/m²
00192-004;Sto-Weichfaserplatte M 039 16 cm 120x40;41,44;M2;1,00 m²/m²
00192-004;Sto-Weichfaserplatte M 039 16 cm 120x40;38,16;M2;1,00 m²/m²
00192-005;Sto-Weichfaserplatte M 039 18 cm 120x40;46,62;M2;1,00 m²/m²
00192-005;Sto-Weichfaserplatte M 039 18 cm 120x40;42,93;M2;1,00 m²/m²
00192-006;Sto-Weichfaserplatte M 039 20 cm 120x40;51,80;M2;1,00 m²/m²
00192-006;Sto-Weichfaserplatte M 039 20 cm 120x40;47,70;M2;1,00 m²/m²
03716-064;Sto-Resol-insulation board 10 cm 120x40 cm;41,00;M2;1,00 m²/m²
03716-064;Sto-Resol-insulation board 10 cm 120x40 cm;40,40;M2;1,00 m²/m²
03716-065;Sto-Resol-insulation board 12 cm 120x40 cm;49,20;M2;1,00 m²/m²
03716-065;Sto-Resol-insulation board 12 cm 120x40 cm;48,48;M2;1,00 m²/m²
03716-028;Sto-Resol-insulation board 14 cm 120x40 cm;57,40;M2;1,00 m²/m²
03716-028;Sto-Resol-insulation board 14 cm 120x40 cm;56,56;M2;1,00 m²/m²
03716-045;Sto-Resol-insulation board 16 cm 120x40 cm;65,60;M2;1,00 m²/m²
03716-045;Sto-Resol-insulation board 16 cm 120x40 cm;64,64;M2;1,00 m²/m²
03716-046;Sto-Resol-insulation board 18 cm 120x40 cm;73,80;M2;1,00 m²/m²
03716-046;Sto-Resol-insulation board 18 cm 120x40 cm;72,72;M2;1,00 m²/m²
03716-047;Sto-Resol-insulation board 20 cm 120x40 cm;82,00;M2;1,00 m²/m²
03716-047;Sto-Resol-insulation board 20 cm 120x40 cm;80,80;M2;1,00 m²/m²
03716-060;Sto-Resol-insulation board 6 cm 120x40 cm;24,60;M2;1,00 m²/m²
03716-060;Sto-Resol-insulation board 6 cm 120x40 cm;24,24;M2;1,00 m²/m²
03716-062;Sto-Resol-insulation board 8 cm 120x40 cm;32,80;M2;1,00 m²/m²
03716-062;Sto-Resol-insulation board 8 cm 120x40 cm;32,32;M2;1,00 m²/m²
01033-009;Sto-insulation board PIR BLF-S 10 cm 100x50 cm;34,70;M2;1,00 m²/m²
01033-009;Sto-insulation board PIR BLF-S 10 cm 100x50 cm;32,65;M2;1,00 m²/m²
01033-011;Sto-insulation board PIR BLF-S 12 cm 100x50 cm;41,64;M2;1,00 m²/m²
01033-011;Sto-insulation board PIR BLF-S 12 cm 100x50 cm;39,18;M2;1,00 m²/m²
01033-013;Sto-insulation board PIR BLF-S 14 cm 100x50 cm;48,58;M2;1,00 m²/m²
01033-013;Sto-insulation board PIR BLF-S 14 cm 100x50 cm;45,71;M2;1,00 m²/m²
01033-015;Sto-insulation board PIR BLF-S 16 cm 100x50 cm;55,52;M2;1,00 m²/m²
01033-015;Sto-insulation board PIR BLF-S 16 cm 100x50 cm;52,24;M2;1,00 m²/m²
01033-017;Sto-insulation board PIR BLF-S 18 cm 100x50 cm;62,46;M2;1,00 m²/m²
01033-017;Sto-insulation board PIR BLF-S 18 cm 100x50 cm;58,77;M2;1,00 m²/m²
01033-001;Sto-insulation board PIR BLF-S 2 cm 100x50 cm;8,08;M2;1,00 m²/m²
01033-001;Sto-insulation board PIR BLF-S 2 cm 100x50 cm;7,66;M2;1,00 m²/m²
01033-019;Sto-insulation board PIR BLF-S 20 cm 100x50 cm;69,40;M2;1,00 m²/m²
01033-019;Sto-insulation board PIR BLF-S 20 cm 100x50 cm;65,30;M2;1,00 m²/m²
01033-020;Sto-insulation board PIR BLF-S 22 cm 100x50 cm;76,34;M2;1,00 m²/m²
01033-020;Sto-insulation board PIR BLF-S 22 cm 100x50 cm;71,83;M2;1,00 m²/m²
01033-021;Sto-insulation board PIR BLF-S 24 cm 100x50 cm;83,28;M2;1,00 m²/m²
01033-021;Sto-insulation board PIR BLF-S 24 cm 100x50 cm;78,36;M2;1,00 m²/m²
01033-022;Sto-insulation board PIR BLF-S 26 cm 100x50 cm;90,22;M2;1,00 m²/m²
01033-022;Sto-insulation board PIR BLF-S 26 cm 100x50 cm;84,89;M2;1,00 m²/m²
01033-023;Sto-insulation board PIR BLF-S 28 cm 100x50 cm;97,16;M2;1,00 m²/m²
01033-023;Sto-insulation board PIR BLF-S 28 cm 100x50 cm;91,42;M2;1,00 m²/m²
01033-002;Sto-insulation board PIR BLF-S 3 cm 100x50 cm;12,12;M2;1,00 m²/m²
01033-002;Sto-insulation board PIR BLF-S 3 cm 100x50 cm;11,49;M2;1,00 m²/m²
01033-024;Sto-insulation board PIR BLF-S 30 cm 100x50 cm;104,10;M2;1,00 m²/m²
01033-024;Sto-insulation board PIR BLF-S 30 cm 100x50 cm;97,95;M2;1,00 m²/m²
01033-003;Sto-insulation board PIR BLF-S 4 cm 100x50 cm;16,16;M2;1,00 m²/m²
01033-003;Sto-insulation board PIR BLF-S 4 cm 100x50 cm;15,32;M2;1,00 m²/m²
01033-004;Sto-insulation board PIR BLF-S 5 cm 100x50 cm;20,20;M2;1,00 m²/m²
01033-004;Sto-insulation board PIR BLF-S 5 cm 100x50 cm;19,15;M2;1,00 m²/m²
01033-005;Sto-insulation board PIR BLF-S 6 cm 100x50 cm;20,82;M2;1,00 m²/m²
01033-005;Sto-insulation board PIR BLF-S 6 cm 100x50 cm;19,59;M2;1,00 m²/m²
01033-007;Sto-insulation board PIR BLF-S 8 cm 100x50 cm;27,76;M2;1,00 m²/m²
01033-007;Sto-insulation board PIR BLF-S 8 cm 100x50 cm;26,12;M2;1,00 m²/m²
02700-001;Sto-speed lamella Typ II  4 cm 120x20cm b;5,18;M2;1,00 m²/m²
02700-003;Sto-speed lamella Typ II  6 cm 120x20cm b;7,76;M2;1,00 m²/m²
02700-005;Sto-speed lamella Typ II  8 cm 120x20cm b;10,35;M2;1,00 m²/m²
02700-007;Sto-speed lamella Typ II 10 cm 120x20cm b;12,94;M2;1,00 m²/m²
02700-009;Sto-speed lamella Typ II 12 cm 120x20cm b;15,53;M2;1,00 m²/m²
02700-011;Sto-speed lamella Typ II 14 cm 120x20cm b;18,12;M2;1,00 m²/m²
02700-013;Sto-speed lamella Typ II 16 cm 120x20cm b;20,70;M2;1,00 m²/m²
02700-014;Sto-speed lamella Typ II 18 cm 120x20cm b;23,29;M2;1,00 m²/m²
02700-027;Sto-speed lamella Typ II 20 cm 120x20cm b;25,88;M2;1,00 m²/m²
02700-016;Sto-speed lamella Typ II 22 cm 120x20cm b;28,47;M2;1,00 m²/m²
02700-058;Sto-speed lamella Typ II 24 cm 120x20cm b;31,06;M2;1,00 m²/m²
02700-059;Sto-speed lamella Typ II 26 cm 120x20cm b;33,64;M2;1,00 m²/m²
02700-060;Sto-speed lamella Typ II 28 cm 120x20cm b;36,23;M2;1,00 m²/m²
02700-061;Sto-speed lamella Typ II 30 cm 120x20cm b;38,82;M2;1,00 m²/m²
02700-073;Sto-speed lamella Typ II H1 24 cm 120x20c;31,06;M2;1,00 m²/m²
02700-074;Sto-speed lamella Typ II H1 30 cm 120x20c;38,82;M2;1,00 m²/m²
02703-007;Sto-speed lamella Typ II plus 10 cm 120x2;14,48;M2;1,00 m²/m²
02703-009;Sto-speed lamella Typ II plus 12 cm 120x2;17,38;M2;1,00 m²/m²
02703-011;Sto-speed lamella Typ II plus 14 cm 120x2;20,27;M2;1,00 m²/m²
02703-013;Sto-speed lamella Typ II plus 16 cm 120x2;23,17;M2;1,00 m²/m²
02703-015;Sto-speed lamella Typ II plus 18 cm 120x2;26,06;M2;1,00 m²/m²
02703-017;Sto-speed lamella Typ II plus 20 cm 120x2;28,96;M2;1,00 m²/m²
02703-001;Sto-speed lamella Typ II plus 4 cm 120x20;5,79;M2;1,00 m²/m²
02703-002;Sto-speed lamella Typ II plus 5 cm 120x20;7,24;M2;1,00 m²/m²
02703-003;Sto-speed lamella Typ II plus 6 cm 120x20;8,69;M2;1,00 m²/m²
02703-005;Sto-speed lamella Typ II plus 8 cm 120x20;11,58;M2;1,00 m²/m²
02724-007;Sto-stone wool board 040 H1 10 cm 80x62,;23,70;M2;1,0 m²/m²
02724-008;Sto-stone wool board 040 H1 12 cm 80x62,;28,44;M2;1,0 m²/m²
02724-009;Sto-stone wool board 040 H1 14 cm 80x62,;33,18;M2;1,0 m²/m²
02724-010;Sto-stone wool board 040 H1 16 cm 80x62,;37,92;M2;1,0 m²/m²
02724-011;Sto-stone wool board 040 H1 18 cm 80x62,;42,66;M2;1,0 m²/m²
02724-012;Sto-stone wool board 040 H1 20 cm 80x62,;47,40;M2;1,0 m²/m²
02724-005;Sto-stone wool board 040 H1 6 cm 80x62,5;14,22;M2;1,0 m²/m²
02724-006;Sto-stone wool board 040 H1 8 cm 80x62,5;18,96;M2;1,0 m²/m²
09035-002;Sto-stone wool board 2/A/H1 W4 10 cm 80x;12,94;M2;1,0 m²/m²
09035-003;Sto-stone wool board 2/A/H1 W4 12 cm 80x;15,53;M2;1,0 m²/m²
09035-004;Sto-stone wool board 2/A/H1 W4 14 cm 80x;18,12;M2;1,0 m²/m²
09035-005;Sto-stone wool board 2/A/H1 W4 16 cm 80x;20,70;M2;1,0 m²/m²
09035-006;Sto-stone wool board 2/A/H1 W4 18 cm 80x;23,29;M2;1,0 m²/m²
09035-007;Sto-stone wool board 2/A/H1 W4 20 cm 80x;25,88;M2;1,0 m²/m²
09035-008;Sto-stone wool board 2/A/H1 W4 22 cm 80x;28,44;M2;1,0 m²/m²
09035-009;Sto-stone wool board 2/A/H1 W4 24 cm 80x;31,03;M2;1,0 m²/m²
09035-010;Sto-stone wool board 2/A/H1 W4 26 cm 80x;33,61;M2;1,0 m²/m²
09035-011;Sto-stone wool board 2/A/H1 W4 28 cm 80x;36,25;M2;1,0 m²/m²
09035-012;Sto-stone wool board 2/A/H1 W4 30 cm 80x;38,86;M2;1,0 m²/m²
09035-001;Sto-stone wool board 2/A/H1 W4 8 cm 80x6;10,35;M2;1,0 m²/m²
01056-002;Sto-stone wool board 2/B/H1 W4 10 cm 120;12,94;M2;1,0 m²/m²
01056-003;Sto-stone wool board 2/B/H1 W4 12 cm 120;15,53;M2;1,0 m²/m²
01056-004;Sto-stone wool board 2/B/H1 W4 14 cm 120;18,12;M2;1,0 m²/m²
01056-005;Sto-stone wool board 2/B/H1 W4 16 cm 120;20,70;M2;1,0 m²/m²
01056-006;Sto-stone wool board 2/B/H1 W4 18 cm 120;23,29;M2;1,0 m²/m²
01056-007;Sto-stone wool board 2/B/H1 W4 20 cm 120;25,88;M2;1,0 m²/m²
01056-008;Sto-stone wool board 2/B/H1 W4 22 cm 120;28,47;M2;1,0 m²/m²
01056-009;Sto-stone wool board 2/B/H1 W4 24 cm 120;31,06;M2;1,0 m²/m²
01056-010;Sto-stone wool board 2/B/H1 W4 26 cm 120;33,64;M2;1,0 m²/m²
01056-011;Sto-stone wool board 2/B/H1 W4 28 cm 120;36,23;M2;1,0 m²/m²
01056-012;Sto-stone wool board 2/B/H1 W4 30 cm 120;38,82;M2;1,0 m²/m²
01056-001;Sto-stone wool board 2/B/H1 W4 8 cm 120x;10,35;M2;1,0 m²/m²
09684-003;Sto-stone wool board 2/B/H2 W5 10 cm 120;12,94;M2;1,00 m²/m²
09684-004;Sto-stone wool board 2/B/H2 W5 12 cm 120;15,53;M2;1,00 m²/m²
09684-005;Sto-stone wool board 2/B/H2 W5 14 cm 120;18,12;M2;1,00 m²/m²
09684-006;Sto-stone wool board 2/B/H2 W5 16 cm 120;20,70;M2;1,00 m²/m²
09684-007;Sto-stone wool board 2/B/H2 W5 18 cm 120;23,29;M2;1,00 m²/m²
09684-008;Sto-stone wool board 2/B/H2 W5 20 cm 120;25,88;M2;1,00 m²/m²
09684-009;Sto-stone wool board 2/B/H2 W5 22 cm 120;28,47;M2;1,00 m²/m²
09684-010;Sto-stone wool board 2/B/H2 W5 24 cm 120;31,05;M2;1,00 m²/m²
09684-011;Sto-stone wool board 2/B/H2 W5 26 cm 120;33,65;M2;1,00 m²/m²
09684-012;Sto-stone wool board 2/B/H2 W5 28 cm 120;36,24;M2;1,00 m²/m²
09684-013;Sto-stone wool board 2/B/H2 W5 30 cm 120;38,82;M2;1,00 m²/m²
09684-001;Sto-stone wool board 2/B/H2 W5 6 cm 120x;7,76;M2;1,00 m²/m²
09684-002;Sto-stone wool board 2/B/H2 W5 8 cm 120x;10,35;M2;1,00 m²/m²
09034-005;Sto-stone wool board 2/B/H4 W5 10 cm 120;15,38;M2;1,00 m²/m²
09034-007;Sto-stone wool board 2/B/H4 W5 12 cm 120;18,46;M2;1,00 m²/m²
09034-009;Sto-stone wool board 2/B/H4 W5 14 cm 120;21,53;M2;1,00 m²/m²
09034-011;Sto-stone wool board 2/B/H4 W5 16 cm 120;24,61;M2;1,00 m²/m²
09034-013;Sto-stone wool board 2/B/H4 W5 18 cm 120;27,68;M2;1,00 m²/m²
09034-015;Sto-stone wool board 2/B/H4 W5 20 cm 120;30,76;M2;1,00 m²/m²
09034-016;Sto-stone wool board 2/B/H4 W5 22 cm 120;33,84;M2;1,00 m²/m²
09034-035;Sto-stone wool board 2/B/H4 W5 24 cm 120;36,91;M2;1,00 m²/m²
09034-036;Sto-stone wool board 2/B/H4 W5 26 cm 120;39,99;M2;1,00 m²/m²
09034-037;Sto-stone wool board 2/B/H4 W5 28 cm 120;43,07;M2;1,00 m²/m²
09034-038;Sto-stone wool board 2/B/H4 W5 30 cm 120;46,14;M2;1,00 m²/m²
09034-001;Sto-stone wool board 2/B/H4 W5 6 cm 120x;9,23;M2;1,00 m²/m²
09034-003;Sto-stone wool board 2/B/H4 W5 8 cm 120x;12,30;M2;1,00 m²/m²
08936-034;Sto-stone wool board BR 2/D/D1 W3 10 cm;22,69;M2;1,00 m²/m²
08936-035;Sto-stone wool board BR 2/D/D1 W3 12 cm;27,23;M2;1,00 m²/m²
08936-036;Sto-stone wool board BR 2/D/D1 W3 14 cm;31,76;M2;1,00 m²/m²
08936-037;Sto-stone wool board BR 2/D/D1 W3 16 cm;36,30;M2;1,00 m²/m²
08936-038;Sto-stone wool board BR 2/D/D1 W3 18 cm;40,84;M2;1,00 m²/m²
08936-045;Sto-stone wool board BR 2/D/D1 W3 20 cm;45,38;M2;1,00 m²/m²
08936-040;Sto-stone wool board BR 2/D/D1 W3 22 cm;49,92;M2;1,00 m²/m²
08936-041;Sto-stone wool board BR 2/D/D1 W3 24 cm;54,45;M2;1,00 m²/m²
08936-042;Sto-stone wool board BR 2/D/D1 W3 26 cm;58,99;M2;1,00 m²/m²
08936-043;Sto-stone wool board BR 2/D/D1 W3 28 cm;63,53;M2;1,00 m²/m²
08936-044;Sto-stone wool board BR 2/D/D1 W3 30 cm;68,07;M2;1,00 m²/m²
08753-003;Sto-stone wool board L 0/B H1 W1 2 cm 12;2,81;M2;1,00 m²/m²
08753-004;Sto-stone wool board L 0/B H1 W1 3 cm 12;4,22;M2;1,00 m²/m²
08753-005;Sto-stone wool board L 0/B H1 W1 4 cm 12;5,62;M2;1,00 m²/m²
08753-006;Sto-stone wool board L 0/B H1 W1 5 cm 12;7,03;M2;1,00 m²/m²
00093-001;Sto-stone wool board L 2/B/H2 W3 2 cm 12;3,58;M2;1,00 m²/m²
00093-002;Sto-stone wool board L 2/B/H2 W3 3 cm 12;5,37;M2;1,00 m²/m²
00093-003;Sto-stone wool board L 2/B/H2 W3 4 cm 12;7,16;M2;1,00 m²/m²
01950-019;Sto-balcony exit 130 mm finely ribbed;63,94;M;1,00 m/m
01950-051;Sto-balcony exit 130 mm finely ribbed;61,96;M;1,00 m/m
01950-083;Sto-balcony exit 130 mm finely ribbed;66,90;M;1,00 m/m
01950-115;Sto-balcony exit 130 mm finely ribbed;77,29;M;1,00 m/m
01950-003;Sto-balcony exit 130 mm coarsely ribbed;56,09;M;1,00 m/m
01950-035;Sto-balcony exit 130 mm coarsely ribbed;54,11;M;1,00 m/m
01950-067;Sto-balcony exit 130 mm coarsely ribbed;59,06;M;1,00 m/m
01950-099;Sto-balcony exit 130 mm coarsely ribbed;69,19;M;1,00 m/m
01950-020;Sto-balcony exit 150 mm finely ribbed;69,19;M;1,00 m/m
01950-052;Sto-balcony exit 150 mm finely ribbed;66,97;M;1,00 m/m
01950-084;Sto-balcony exit 150 mm finely ribbed;72,90;M;1,00 m/m
01950-116;Sto-balcony exit 150 mm finely ribbed;84,04;M;1,00 m/m
01950-004;Sto-balcony exit 150 mm coarsely ribbed;60,53;M;1,00 m/m
01950-036;Sto-balcony exit 150 mm coarsely ribbed;58,36;M;1,00 m/m
01950-068;Sto-balcony exit 150 mm coarsely ribbed;63,80;M;1,00 m/m
01950-100;Sto-balcony exit 150 mm coarsely ribbed;75,26;M;1,00 m/m
01950-021;Sto-balcony exit 165 mm finely ribbed;73,58;M;1,00 m/m
01950-053;Sto-balcony exit 165 mm finely ribbed;71,21;M;1,00 m/m
01950-085;Sto-balcony exit 165 mm finely ribbed;76,95;M;1,00 m/m
01950-117;Sto-balcony exit 165 mm finely ribbed;88,76;M;1,00 m/m
01950-005;Sto-balcony exit 165 mm coarsely ribbed;63,87;M;1,00 m/m
01950-037;Sto-balcony exit 165 mm coarsely ribbed;61,55;M;1,00 m/m
01950-069;Sto-balcony exit 165 mm coarsely ribbed;67,34;M;1,00 m/m
01950-101;Sto-balcony exit 165 mm coarsely ribbed;79,31;M;1,00 m/m
01950-022;Sto-balcony exit 180 mm finely ribbed;77,29;M;1,00 m/m
01950-054;Sto-balcony exit 180 mm finely ribbed;74,93;M;1,00 m/m
01950-086;Sto-balcony exit 180 mm finely ribbed;81,34;M;1,00 m/m
01950-118;Sto-balcony exit 180 mm finely ribbed;93,83;M;1,00 m/m
01950-006;Sto-balcony exit 180 mm coarsely ribbed;67,20;M;1,00 m/m
01950-038;Sto-balcony exit 180 mm coarsely ribbed;64,73;M;1,00 m/m
01950-070;Sto-balcony exit 180 mm coarsely ribbed;71,21;M;1,00 m/m
01950-102;Sto-balcony exit 180 mm coarsely ribbed;84,04;M;1,00 m/m
01950-023;Sto-balcony exit 195 mm finely ribbed;81,68;M;1,00 m/m
01950-055;Sto-balcony exit 195 mm finely ribbed;78,64;M;1,00 m/m
01950-087;Sto-balcony exit 195 mm finely ribbed;85,73;M;1,00 m/m
01950-119;Sto-balcony exit 195 mm finely ribbed;98,55;M;1,00 m/m
01950-007;Sto-balcony exit 195 mm coarsely ribbed;70,88;M;1,00 m/m
01950-039;Sto-balcony exit 195 mm coarsely ribbed;68,18;M;1,00 m/m
01950-071;Sto-balcony exit 195 mm coarsely ribbed;74,93;M;1,00 m/m
01950-103;Sto-balcony exit 195 mm coarsely ribbed;87,75;M;1,00 m/m
01950-024;Sto-balcony exit 210 mm finely ribbed;85,73;M;1,00 m/m
01950-056;Sto-balcony exit 210 mm finely ribbed;83,03;M;1,00 m/m
01950-088;Sto-balcony exit 210 mm finely ribbed;89,78;M;1,00 m/m
01950-120;Sto-balcony exit 210 mm finely ribbed;103,61;M;1,00 m/m
01950-008;Sto-balcony exit 210 mm coarsely ribbed;74,59;M;1,00 m/m
01950-040;Sto-balcony exit 210 mm coarsely ribbed;71,55;M;1,00 m/m
01950-072;Sto-balcony exit 210 mm coarsely ribbed;78,30;M;1,00 m/m
01950-104;Sto-balcony exit 210 mm coarsely ribbed;92,81;M;1,00 m/m
01950-025;Sto-balcony exit 225 mm finely ribbed;89,44;M;1,00 m/m
01950-057;Sto-balcony exit 225 mm finely ribbed;86,40;M;1,00 m/m
01950-089;Sto-balcony exit 225 mm finely ribbed;93,83;M;1,00 m/m
01950-121;Sto-balcony exit 225 mm finely ribbed;108,34;M;1,00 m/m
01950-009;Sto-balcony exit 225 mm coarsely ribbed;77,63;M;1,00 m/m
01950-041;Sto-balcony exit 225 mm coarsely ribbed;74,93;M;1,00 m/m
01950-073;Sto-balcony exit 225 mm coarsely ribbed;82,69;M;1,00 m/m
01950-105;Sto-balcony exit 225 mm coarsely ribbed;96,86;M;1,00 m/m
01950-026;Sto-balcony exit 240 mm finely ribbed;93,49;M;1,00 m/m
01950-058;Sto-balcony exit 240 mm finely ribbed;90,79;M;1,00 m/m
01950-090;Sto-balcony exit 240 mm finely ribbed;97,54;M;1,00 m/m
01950-122;Sto-balcony exit 240 mm finely ribbed;113,40;M;1,00 m/m
01950-010;Sto-balcony exit 240 mm coarsely ribbed;81,34;M;1,00 m/m
01950-042;Sto-balcony exit 240 mm coarsely ribbed;77,96;M;1,00 m/m
01950-074;Sto-balcony exit 240 mm coarsely ribbed;85,73;M;1,00 m/m
01950-106;Sto-balcony exit 240 mm coarsely ribbed;101,25;M;1,00 m/m
01950-027;Sto-balcony exit 260 mm finely ribbed;104,29;M;1,00 m/m
01950-059;Sto-balcony exit 260 mm finely ribbed;95,18;M;1,00 m/m
01950-091;Sto-balcony exit 260 mm finely ribbed;103,61;M;1,00 m/m
01950-123;Sto-balcony exit 260 mm finely ribbed;120,15;M;1,00 m/m
01950-011;Sto-balcony exit 260 mm coarsely ribbed;85,73;M;1,00 m/m
01950-043;Sto-balcony exit 260 mm coarsely ribbed;82,69;M;1,00 m/m
01950-075;Sto-balcony exit 260 mm coarsely ribbed;90,79;M;1,00 m/m
01950-107;Sto-balcony exit 260 mm coarsely ribbed;106,65;M;1,00 m/m
01950-028;Sto-balcony exit 280 mm finely ribbed;103,95;M;1,00 m/m
01950-060;Sto-balcony exit 280 mm finely ribbed;100,58;M;1,00 m/m
01950-092;Sto-balcony exit 280 mm finely ribbed;108,68;M;1,00 m/m
01950-124;Sto-balcony exit 280 mm finely ribbed;126,56;M;1,00 m/m
01950-012;Sto-balcony exit 280 mm coarsely ribbed;90,45;M;1,00 m/m
01950-044;Sto-balcony exit 280 mm coarsely ribbed;86,74;M;1,00 m/m
01950-076;Sto-balcony exit 280 mm coarsely ribbed;95,18;M;1,00 m/m
01950-108;Sto-balcony exit 280 mm coarsely ribbed;112,39;M;1,00 m/m
01950-029;Sto-balcony exit 300 mm finely ribbed;109,35;M;1,00 m/m
01950-061;Sto-balcony exit 300 mm finely ribbed;105,30;M;1,00 m/m
01950-093;Sto-balcony exit 300 mm finely ribbed;114,41;M;1,00 m/m
01950-125;Sto-balcony exit 300 mm finely ribbed;132,64;M;1,00 m/m
01950-013;Sto-balcony exit 300 mm coarsely ribbed;94,50;M;1,00 m/m
01950-045;Sto-balcony exit 300 mm coarsely ribbed;91,13;M;1,00 m/m
01950-077;Sto-balcony exit 300 mm coarsely ribbed;100,24;M;1,00 m/m
01950-109;Sto-balcony exit 300 mm coarsely ribbed;118,13;M;1,00 m/m
01950-030;Sto-balcony exit 320 mm finely ribbed;114,08;M;1,00 m/m
01950-062;Sto-balcony exit 320 mm finely ribbed;110,70;M;1,00 m/m
01950-094;Sto-balcony exit 320 mm finely ribbed;120,49;M;1,00 m/m
01950-126;Sto-balcony exit 320 mm finely ribbed;139,05;M;1,00 m/m
01950-014;Sto-balcony exit 320 mm coarsely ribbed;99,23;M;1,00 m/m
01950-046;Sto-balcony exit 320 mm coarsely ribbed;94,84;M;1,00 m/m
01950-078;Sto-balcony exit 320 mm coarsely ribbed;104,63;M;1,00 m/m
01950-110;Sto-balcony exit 320 mm coarsely ribbed;123,86;M;1,00 m/m
01950-031;Sto-balcony exit 340 mm finely ribbed;119,48;M;1,00 m/m
01950-063;Sto-balcony exit 340 mm finely ribbed;115,09;M;1,00 m/m
01950-095;Sto-balcony exit 340 mm finely ribbed;125,55;M;1,00 m/m
01950-127;Sto-balcony exit 340 mm finely ribbed;145,80;M;1,00 m/m
01950-015;Sto-balcony exit 340 mm coarsely ribbed;103,61;M;1,00 m/m
01950-047;Sto-balcony exit 340 mm coarsely ribbed;99,56;M;1,00 m/m
01950-079;Sto-balcony exit 340 mm coarsely ribbed;109,69;M;1,00 m/m
01950-111;Sto-balcony exit 340 mm coarsely ribbed;129,60;M;1,00 m/m
01950-032;Sto-balcony exit 360 mm finely ribbed;124,54;M;1,00 m/m
01950-064;Sto-balcony exit 360 mm finely ribbed;120,83;M;1,00 m/m
01950-096;Sto-balcony exit 360 mm finely ribbed;131,29;M;1,00 m/m
01950-128;Sto-balcony exit 360 mm finely ribbed;152,55;M;1,00 m/m
01950-016;Sto-balcony exit 360 mm coarsely ribbed;108,00;M;1,00 m/m
01950-048;Sto-balcony exit 360 mm coarsely ribbed;103,61;M;1,00 m/m
01950-080;Sto-balcony exit 360 mm coarsely ribbed;114,08;M;1,00 m/m
01950-112;Sto-balcony exit 360 mm coarsely ribbed;135,34;M;1,00 m/m
01950-033;Sto-balcony exit 380 mm finely ribbed;130,28;M;1,00 m/m
01950-065;Sto-balcony exit 380 mm finely ribbed;125,55;M;1,00 m/m
01950-097;Sto-balcony exit 380 mm finely ribbed;136,69;M;1,00 m/m
01950-129;Sto-balcony exit 380 mm finely ribbed;158,63;M;1,00 m/m
01950-017;Sto-balcony exit 380 mm coarsely ribbed;112,39;M;1,00 m/m
01950-049;Sto-balcony exit 380 mm coarsely ribbed;108,00;M;1,00 m/m
01950-081;Sto-balcony exit 380 mm coarsely ribbed;118,80;M;1,00 m/m
01950-113;Sto-balcony exit 380 mm coarsely ribbed;141,08;M;1,00 m/m
01950-034;Sto-balcony exit 400 mm finely ribbed;135,34;M;1,00 m/m
01950-066;Sto-balcony exit 400 mm finely ribbed;130,61;M;1,00 m/m
01950-098;Sto-balcony exit 400 mm finely ribbed;142,09;M;1,00 m/m
01950-130;Sto-balcony exit 400 mm finely ribbed;165,38;M;1,00 m/m
01950-018;Sto-balcony exit 400 mm coarsely ribbed;116,78;M;1,00 m/m
01950-050;Sto-balcony exit 400 mm coarsely ribbed;112,05;M;1,00 m/m
01950-082;Sto-balcony exit 400 mm coarsely ribbed;123,86;M;1,00 m/m
01950-114;Sto-balcony exit 400 mm coarsely ribbed;147,15;M;1,00 m/m
02956-003;StoFentra anti-drumming layer lose 100 mm;2,10;M;1,00 m/m
02956-004;StoFentra anti-drumming layer lose 130 mm;3,18;M;1,00 m/m
02956-005;StoFentra anti-drumming layer lose 160 mm;4,02;M;1,00 m/m
02956-001;StoFentra anti-drumming layer lose 50 mm;1,11;M;1,00 m/m
02956-002;StoFentra anti-drumming layer lose 80 mm;1,73;M;1,00 m/m
02031-002;StoFentra anti-drumming layer Profi 100 mm;5,00;M;1,00 m/m
02029-002;StoFentra anti-drumming layer Profi 130 mm;6,81;M;1,00 m/m
02029-003;StoFentra anti-drumming layer Profi 160 mm;8,64;M;1,00 m/m
02029-001;StoFentra anti-drumming layer Profi 50 mm;3,51;M;1,00 m/m
02031-001;StoFentra anti-drumming layer Profi 80 mm;4,35;M;1,00 m/m
01994-005;StoFentra outside corner connector  50-180 mm a;39,29;ST;
02486-001;StoFentra outside corner connector  50-180 mm b;39,29;ST;
01998-002;StoFentra outside corner connector  50-180 mm n;27,16;ST;
02015-002;StoFentra outside corner connector  50-180 mm w;32,70;ST;
01994-006;StoFentra outside corner connector 185-360 mm a;42,06;ST;
02486-002;StoFentra outside corner connector 185-360 mm b;42,06;ST;
01998-003;StoFentra outside corner connector 185-360 mm n;31,37;ST;
02015-003;StoFentra outside corner connector 185-360 mm w;35,03;ST;
01994-007;StoFentra outside corner connector 365-500 mm a;49,99;ST;
02486-003;StoFentra outside corner connector 365-500 mm b;49,99;ST;
01998-004;StoFentra outside corner connector 365-500 mm n;36,77;ST;
02015-004;StoFentra outside corner connector 365-500 mm w;40,67;ST;
02174-051;StoFentra outside corner connector duo 150-180;32,09;ST;
02174-052;StoFentra outside corner connector duo 150-180;32,94;ST;
02174-054;StoFentra outside corner connector duo 150-180;34,86;ST;
02174-053;StoFentra outside corner connector duo 150-180m;32,94;ST;
02174-055;StoFentra outside corner connector duo 195-360;34,90;ST;
02174-056;StoFentra outside corner connector duo 195-360;35,01;ST;
02174-058;StoFentra outside corner connector duo 195-360;36,94;ST;
02174-057;StoFentra outside corner connector duo 195-360m;35,01;ST;
02174-059;StoFentra outside corner connector duo 380-400;51,27;ST;
02174-060;StoFentra outside corner connector duo 380-400;52,88;ST;
02174-062;StoFentra outside corner connector duo 380-400;54,96;ST;
02174-061;StoFentra outside corner connector duo 380-400m;52,88;ST;
02174-063;StoFentra outside corner connector duo 50-130 m;30,77;ST;
02174-064;StoFentra outside corner connector duo 50-130 m;31,56;ST;
02174-065;StoFentra outside corner connector duo 50-130 m;31,56;ST;
02174-066;StoFentra outside corner connector duo 50-130 m;33,47;ST;
02481-001;StoFentra edge profile  Profi 90-180 mm bu;33,97;PAA;
01987-002;StoFentra edge profile  Profi 90-180 mm na;25,06;PAA;
01939-003;StoFentra edge profile Profi  90-180 mm an;33,97;PAA;
02011-004;StoFentra edge profile Profi  90-180 mm we;28,31;PAA;
01939-004;StoFentra edge profile Profi 195-360 mm an;35,22;PAA;
02481-002;StoFentra edge profile Profi 195-360 mm bu;35,22;PAA;
01988-002;StoFentra edge profile Profi 195-360 mm na;26,38;PAA;
02012-004;StoFentra edge profile Profi 195-360 mm we;29,37;PAA;
01939-005;StoFentra edge profile Profi 380-400 mm an;40,72;PAA;
02481-006;StoFentra edge profile Profi 380-400 mm bu;40,72;PAA;
01988-003;StoFentra edge profile Profi 380-400 mm na;30,98;PAA;
02012-005;StoFentra edge profile Profi 380-400 mm we;33,87;PAA;
02166-011;StoFentra edge profile Uni neu 195-360 mm;18,07;PAA;1,00 pair
02166-014;StoFentra edge profile Uni neu 195-360 mm;18,99;PAA;1,00 pair
02166-017;StoFentra edge profile Uni neu 195-360 mm;20,81;PAA;1,00 pair
02166-020;StoFentra edge profile Uni neu 195-360 mm;23,10;PAA;1,00 pair
02166-012;StoFentra edge profile Uni neu 380-400 mm;21,03;PAA;1,00 pair
02166-015;StoFentra edge profile Uni neu 380-400 mm;21,96;PAA;1,00 pair
02166-018;StoFentra edge profile Uni neu 380-400 mm;23,79;PAA;1,00 pair
02166-021;StoFentra edge profile Uni neu 380-400 mm;26,07;PAA;1,00 pair
02166-016;StoFentra edge profile Uni neu 90-180 mm a;18,99;PAA;1,00 pair
02166-019;StoFentra edge profile Uni neu 90-180 mm b;21,26;PAA;1,00 pair
02166-010;StoFentra edge profile Uni neu 90-180 mm n;16,23;PAA;1,00 pair
02166-013;StoFentra edge profile Uni neu 90-180 mm w;17,15;PAA;1,00 pair
01941-014;StoFentra expansion profile 185-360 mm anthrazi;21,92;ST;
01941-017;StoFentra expansion profile 185-360 mm colored pul;24,15;ST;
01941-008;StoFentra expansion profile 185-360 mm natural el;18,64;ST;
01941-011;StoFentra expansion profile 185-360 mm white pul;19,22;ST;
01941-015;StoFentra expansion profile 365-500 mm anthrazi;24,95;ST;
01941-018;StoFentra expansion profile 365-500 mm colored pul;26,12;ST;
01941-009;StoFentra expansion profile 365-500 mm natural el;21,20;ST;
01941-012;StoFentra expansion profile 365-500 mm white pul;21,88;ST;
01941-013;StoFentra expansion profile 50-180 mm anthracite;18,85;ST;
01941-016;StoFentra expansion profile 50-180 mm colored pulv;20,75;ST;
01941-007;StoFentra expansion profile 50-180 mm natural elo;15,94;ST;
01941-010;StoFentra expansion profile 50-180 mm white pulv;16,38;ST;
02174-027;StoFentra expansion profile duo 150-180 mm anth;20,44;ST;
02174-028;StoFentra expansion profile duo 150-180 mm colored;22,03;ST;
02174-023;StoFentra expansion profile duo 150-180 mm natu;20,44;ST;
02174-026;StoFentra expansion profile duo 150-180 mm white;20,44;ST;
02174-030;StoFentra expansion profile duo 195-360 mm anth;22,88;ST;
02174-031;StoFentra expansion profile duo 195-360 mm colored;23,74;ST;
02174-024;StoFentra expansion profile duo 195-360 mm natu;22,88;ST;
02174-029;StoFentra expansion profile duo 195-360 mm white;22,88;ST;
02174-033;StoFentra expansion profile duo 380-400 mm anth;30,04;ST;
02174-034;StoFentra expansion profile duo 380-400 mm colored;33,21;ST;
02174-025;StoFentra expansion profile duo 380-400 mm natu;30,04;ST;
02174-032;StoFentra expansion profile duo 380-400 mm white;30,04;ST;
02174-021;StoFentra expansion profile duo 50-130 mm anthracite;19,22;ST;
02174-022;StoFentra expansion profile duo 50-130 mm colored;20,89;ST;
02174-019;StoFentra expansion profile duo 50-130 mm natural;19,22;ST;
02174-020;StoFentra expansion profile duo 50-130 mm white;19,22;ST;
01922-002;StoFentra Fensterbankhalter  95 mm;3,17;ST;
01922-003;StoFentra Fensterbankhalter 125 mm;3,44;ST;
01922-004;StoFentra Fensterbankhalter 170 mm;3,66;ST;
01922-005;StoFentra Fensterbankhalter 220 mm;3,94;ST;
01922-006;StoFentra Fensterbankhalter 300 mm;4,43;ST;
01922-007;StoFentra Fensterbankhalter VHF;3,61;ST;
02671-019;StoFentra window sill profile  90 mm anthracite;15,11;M;1,00 m/m
02674-001;StoFentra window sill profile  90 mm colored;15,11;M;1,00 m/m
02671-001;StoFentra window sill profile  90 mm natural;9,43;M;1,00 m/m
02673-001;StoFentra window sill profile  90 mm white;10,54;M;1,00 m/m
02671-020;StoFentra window sill profile 110 mm anthracite;16,88;M;1,00 m/m
02674-002;StoFentra window sill profile 110 mm colored;16,88;M;1,00 m/m
02671-002;StoFentra window sill profile 110 mm natural;10,62;M;1,00 m/m
02673-002;StoFentra window sill profile 110 mm white;11,79;M;1,00 m/m
02671-021;StoFentra window sill profile 130 mm anthracite;18,14;M;1,00 m/m
02674-003;StoFentra window sill profile 130 mm colored;18,14;M;1,00 m/m
02671-003;StoFentra window sill profile 130 mm natural;11,13;M;1,00 m/m
02673-003;StoFentra window sill profile 130 mm white;12,60;M;1,00 m/m
02671-022;StoFentra window sill profile 150 mm anthracite;20,13;M;1,00 m/m
02674-004;StoFentra window sill profile 150 mm colored;20,13;M;1,00 m/m
02671-004;StoFentra window sill profile 150 mm natural;12,37;M;1,00 m/m
02673-004;StoFentra window sill profile 150 mm white;14,06;M;1,00 m/m
02671-023;StoFentra window sill profile 165 mm anthracite;21,69;M;1,00 m/m
02674-005;StoFentra window sill profile 165 mm colored;21,69;M;1,00 m/m
02671-005;StoFentra window sill profile 165 mm natural;13,19;M;1,00 m/m
02673-005;StoFentra window sill profile 165 mm white;15,11;M;1,00 m/m
02671-024;StoFentra window sill profile 180 mm anthracite;23,59;M;1,00 m/m
02674-006;StoFentra window sill profile 180 mm colored;23,59;M;1,00 m/m
02671-006;StoFentra window sill profile 180 mm natural;14,66;M;1,00 m/m
02673-006;StoFentra window sill profile 180 mm white;16,43;M;1,00 m/m
02671-025;StoFentra window sill profile 195 mm anthracite;26,39;M;1,00 m/m
02674-007;StoFentra window sill profile 195 mm colored;26,39;M;1,00 m/m
02671-007;StoFentra window sill profile 195 mm natural;16,38;M;1,00 m/m
02673-007;StoFentra window sill profile 195 mm white;18,34;M;1,00 m/m
02671-026;StoFentra window sill profile 210 mm anthracite;28,30;M;1,00 m/m
02674-008;StoFentra window sill profile 210 mm colored;28,30;M;1,00 m/m
02671-008;StoFentra window sill profile 210 mm natural;17,62;M;1,00 m/m
02673-008;StoFentra window sill profile 210 mm white;19,76;M;1,00 m/m
02671-027;StoFentra window sill profile 225 mm anthracite;30,74;M;1,00 m/m
02674-009;StoFentra window sill profile 225 mm colored;30,74;M;1,00 m/m
02671-009;StoFentra window sill profile 225 mm natural;19,08;M;1,00 m/m
02673-009;StoFentra window sill profile 225 mm white;21,39;M;1,00 m/m
02671-028;StoFentra window sill profile 240 mm anthracite;32,70;M;1,00 m/m
02674-010;StoFentra window sill profile 240 mm colored;32,70;M;1,00 m/m
02671-010;StoFentra window sill profile 240 mm natural;20,18;M;1,00 m/m
02673-010;StoFentra window sill profile 240 mm white;22,86;M;1,00 m/m
02671-029;StoFentra window sill profile 260 mm anthracite;39,87;M;1,00 m/m
02674-011;StoFentra window sill profile 260 mm colored;39,87;M;1,00 m/m
02671-011;StoFentra window sill profile 260 mm natural;24,61;M;1,00 m/m
02673-011;StoFentra window sill profile 260 mm white;27,80;M;1,00 m/m
02671-030;StoFentra window sill profile 280 mm anthracite;42,57;M;1,00 m/m
02674-012;StoFentra window sill profile 280 mm colored;42,57;M;1,00 m/m
02671-012;StoFentra window sill profile 280 mm natural;26,59;M;1,00 m/m
02673-012;StoFentra window sill profile 280 mm white;29,63;M;1,00 m/m
02671-031;StoFentra window sill profile 300 mm anthracite;45,60;M;1,00 m/m
02674-013;StoFentra window sill profile 300 mm colored;45,60;M;1,00 m/m
02671-013;StoFentra window sill profile 300 mm natural;28,36;M;1,00 m/m
02673-013;StoFentra window sill profile 300 mm white;31,15;M;1,00 m/m
02671-032;StoFentra window sill profile 320 mm anthracite;49,14;M;1,00 m/m
02674-014;StoFentra window sill profile 320 mm colored;49,14;M;1,00 m/m
02671-014;StoFentra window sill profile 320 mm natural;30,56;M;1,00 m/m
02673-014;StoFentra window sill profile 320 mm white;33,75;M;1,00 m/m
02671-033;StoFentra window sill profile 340 mm anthracite;53,53;M;1,00 m/m
02674-015;StoFentra window sill profile 340 mm colored;53,53;M;1,00 m/m
02671-015;StoFentra window sill profile 340 mm natural;33,68;M;1,00 m/m
02673-015;StoFentra window sill profile 340 mm white;36,99;M;1,00 m/m
02671-034;StoFentra window sill profile 360 mm anthracite;59,68;M;1,00 m/m
02674-016;StoFentra window sill profile 360 mm colored;59,68;M;1,00 m/m
02671-016;StoFentra window sill profile 360 mm natural;35,67;M;1,00 m/m
02673-016;StoFentra window sill profile 360 mm white;40,95;M;1,00 m/m
02671-035;StoFentra window sill profile 380 mm anthracite;81,34;M;1,00 m/m
02674-017;StoFentra window sill profile 380 mm colored;81,34;M;1,00 m/m
02671-017;StoFentra window sill profile 380 mm natural;51,76;M;1,00 m/m
02673-017;StoFentra window sill profile 380 mm white;56,98;M;1,00 m/m
02671-036;StoFentra window sill profile 400 mm anthracite;90,45;M;1,00 m/m
02674-018;StoFentra window sill profile 400 mm colored;90,45;M;1,00 m/m
02671-018;StoFentra window sill profile 400 mm natural;56,98;M;1,00 m/m
02673-018;StoFentra window sill profile 400 mm white;62,30;M;1,00 m/m
01834-002;StoFentra sliding end piece duo 130-195 mm;26,59;PAA;1,0 pc/pc
01834-005;StoFentra sliding end piece duo 130-195 mm;26,59;PAA;1,0 pc/pc
01834-008;StoFentra sliding end piece duo 130-195 mm;30,32;PAA;1,0 pc/pc
01834-011;StoFentra sliding end piece duo 130-195 mm;29,05;PAA;1,0 pc/pc
01834-003;StoFentra sliding end piece duo 210-280 mm;29,47;PAA;1,0 pc/pc
01834-006;StoFentra sliding end piece duo 210-280 mm;29,47;PAA;1,0 pc/pc
01834-009;StoFentra sliding end piece duo 210-280 mm;33,18;PAA;1,0 pc/pc
01834-012;StoFentra sliding end piece duo 210-280 mm;31,92;PAA;1,0 pc/pc
01834-004;StoFentra sliding end piece duo 300-400 mm;32,33;PAA;1,0 pc/pc
01834-007;StoFentra sliding end piece duo 300-400 mm;32,33;PAA;1,0 pc/pc
01834-010;StoFentra sliding end piece duo 300-400 mm;36,07;PAA;1,0 pc/pc
01834-013;StoFentra sliding end piece duo 300-400 mm;34,78;PAA;1,0 pc/pc
01834-017;StoFentra sliding end piece duo 90-110 mm a;24,93;PAA;1,0 pc/pc
01834-016;StoFentra sliding end piece duo 90-110 mm b;25,67;PAA;1,0 pc/pc
01834-014;StoFentra sliding end piece duo 90-110 mm n;22,60;PAA;1,0 pc/pc
01834-015;StoFentra sliding end piece duo 90-110 mm w;22,60;PAA;1,0 pc/pc
01993-005;StoFentra inside corner connector  50-180 mm a;39,29;ST;
02485-001;StoFentra inside corner connector  50-180 mm b;39,29;ST;
01997-002;StoFentra inside corner connector  50-180 mm n;27,16;ST;
02014-002;StoFentra inside corner connector  50-180 mm w;32,70;ST;
01993-006;StoFentra inside corner connector 185-360 mm a;42,06;ST;
02485-002;StoFentra inside corner connector 185-360 mm b;42,06;ST;
01997-003;StoFentra inside corner connector 185-360 mm n;31,37;ST;
02014-003;StoFentra inside corner connector 185-360 mm w;35,03;ST;
01993-007;StoFentra inside corner connector 365-500 mm a;49,99;ST;
02485-003;StoFentra inside corner connector 365-500 mm b;49,99;ST;
01997-004;StoFentra inside corner connector 365-500 mm n;36,77;ST;
02014-004;StoFentra inside corner connector 365-500 mm w;40,67;ST;
02174-039;StoFentra inside corner connector duo 150-180;32,09;ST;
02174-040;StoFentra inside corner connector duo 150-180;32,94;ST;
02174-042;StoFentra inside corner connector duo 150-180;34,86;ST;
02174-041;StoFentra inside corner connector duo 150-180m;32,94;ST;
02174-043;StoFentra inside corner connector duo 195-360;34,90;ST;
02174-044;StoFentra inside corner connector duo 195-360;35,01;ST;
02174-045;StoFentra inside corner connector duo 195-360;35,01;ST;
02174-049;StoFentra inside corner connector duo 195-360m;36,94;ST;
02174-047;StoFentra inside corner connector duo 380-400;51,27;ST;
02174-048;StoFentra inside corner connector duo 380-400;52,88;ST;
02174-050;StoFentra inside corner connector duo 380-400;54,96;ST;
02174-046;StoFentra inside corner connector duo 380-400m;52,88;ST;
02174-035;StoFentra inside corner connector duo 50-130 m;30,77;ST;
02174-036;StoFentra inside corner connector duo 50-130 m;31,56;ST;
02174-037;StoFentra inside corner connector duo 50-130 m;31,56;ST;
02174-038;StoFentra inside corner connector duo 50-130 m;33,47;ST;
01923-002;StoFentra Profi  90 mm anthracite powder-coated;21,92;M;1,00 m/m
02106-001;StoFentra Profi  90 mm colored powder-coated;22,26;M;1,00 m/m
01970-002;StoFentra Profi  90 mm natural anodized;11,83;M;1,00 m/m
01923-003;StoFentra Profi 110 mm anthracite powder-coated;22,71;M;1,00 m/m
02106-002;StoFentra Profi 110 mm colored powder-coated;23,08;M;1,00 m/m
01971-002;StoFentra Profi 110 mm natural anodized;12,54;M;1,00 m/m
02010-009;StoFentra Profi 110 mm white powder-coated;17,42;M;1,00 m/m
01923-004;StoFentra Profi 130 mm anthracite powder-coated;26,21;M;1,00 m/m
02106-003;StoFentra Profi 130 mm colored powder-coated;26,64;M;1,00 m/m
01980-001;StoFentra Profi 130 mm natural anodized;14,16;M;1,00 m/m
02010-010;StoFentra Profi 130 mm white powder-coated;20,18;M;1,00 m/m
01923-005;StoFentra Profi 150 mm anthracite powder-coated;28,11;M;1,00 m/m
02106-004;StoFentra Profi 150 mm colored powder-coated;28,57;M;1,00 m/m
01981-001;StoFentra Profi 150 mm natural anodized;15,11;M;1,00 m/m
02010-011;StoFentra Profi 150 mm white powder-coated;20,89;M;1,00 m/m
01923-006;StoFentra Profi 165 mm anthracite powder-coated;31,29;M;1,00 m/m
02106-005;StoFentra Profi 165 mm colored powder-coated;31,75;M;1,00 m/m
01972-002;StoFentra Profi 165 mm natural anodized;15,59;M;1,00 m/m
02010-012;StoFentra Profi 165 mm white powder-coated;24,06;M;1,00 m/m
01923-007;StoFentra Profi 180 mm anthracite powder-coated;32,42;M;1,00 m/m
02106-006;StoFentra Profi 180 mm colored powder-coated;32,91;M;1,00 m/m
01982-001;StoFentra Profi 180 mm natural anodized;16,54;M;1,00 m/m
02010-013;StoFentra Profi 180 mm white powder-coated;25,27;M;1,00 m/m
01923-008;StoFentra Profi 195 mm anthracite powder-coated;34,00;M;1,00 m/m
02106-007;StoFentra Profi 195 mm colored powder-coated;34,47;M;1,00 m/m
02096-001;StoFentra Profi 195 mm natural anodized;18,71;M;1,00 m/m
02010-014;StoFentra Profi 195 mm white powder-coated;28,83;M;1,00 m/m
01923-009;StoFentra Profi 210 mm anthracite powder-coated;37,21;M;1,00 m/m
02106-008;StoFentra Profi 210 mm colored powder-coated;37,70;M;1,00 m/m
01983-001;StoFentra Profi 210 mm natural anodized;20,62;M;1,00 m/m
02010-015;StoFentra Profi 210 mm white powder-coated;30,66;M;1,00 m/m
01923-010;StoFentra Profi 225 mm anthracite powder-coated;41,18;M;1,00 m/m
02106-017;StoFentra Profi 225 mm colored powder-coated;41,42;M;1,00 m/m
01973-004;StoFentra Profi 225 mm natural anodized;22,20;M;1,00 m/m
02010-016;StoFentra Profi 225 mm white powder-coated;33,10;M;1,00 m/m
01923-011;StoFentra Profi 240 mm anthracite powder-coated;44,54;M;1,00 m/m
02106-018;StoFentra Profi 240 mm colored powder-coated;45,03;M;1,00 m/m
01973-005;StoFentra Profi 240 mm natural anodized;24,23;M;1,00 m/m
02010-017;StoFentra Profi 240 mm white powder-coated;34,53;M;1,00 m/m
01923-012;StoFentra Profi 260 mm anthracite powder-coated;49,09;M;1,00 m/m
02106-010;StoFentra Profi 260 mm colored powder-coated;49,30;M;1,00 m/m
01985-001;StoFentra Profi 260 mm natural anodized;27,01;M;1,00 m/m
02010-018;StoFentra Profi 260 mm white powder-coated;39,08;M;1,00 m/m
01923-013;StoFentra Profi 280 mm anthracite powder-coated;52,10;M;1,00 m/m
02106-011;StoFentra Profi 280 mm colored powder-coated;52,45;M;1,00 m/m
01986-001;StoFentra Profi 280 mm natural anodized;31,59;M;1,00 m/m
02010-019;StoFentra Profi 280 mm white powder-coated;41,32;M;1,00 m/m
01923-014;StoFentra Profi 300 mm anthracite powder-coated;58,87;M;1,00 m/m
02106-012;StoFentra Profi 300 mm colored powder-coated;59,37;M;1,00 m/m
01932-001;StoFentra Profi 300 mm natural anodized;35,75;M;1,00 m/m
02010-020;StoFentra Profi 300 mm white powder-coated;48,69;M;1,00 m/m
01923-015;StoFentra Profi 320 mm anthracite powder-coated;66,65;M;1,00 m/m
02106-013;StoFentra Profi 320 mm colored powder-coated;66,95;M;1,00 m/m
01973-001;StoFentra Profi 320 mm natural anodized;39,41;M;1,00 m/m
02010-021;StoFentra Profi 320 mm white powder-coated;54,51;M;1,00 m/m
01923-016;StoFentra Profi 340 mm anthracite powder-coated;72,90;M;1,00 m/m
02106-014;StoFentra Profi 340 mm colored powder-coated;73,58;M;1,00 m/m
01973-002;StoFentra Profi 340 mm natural anodized;44,50;M;1,00 m/m
02010-022;StoFentra Profi 340 mm white powder-coated;58,85;M;1,00 m/m
01923-017;StoFentra Profi 360 mm anthracite powder-coated;76,61;M;1,00 m/m
02106-015;StoFentra Profi 360 mm colored powder-coated;76,95;M;1,00 m/m
01973-003;StoFentra Profi 360 mm natural anodized;47,76;M;1,00 m/m
02010-023;StoFentra Profi 360 mm white powder-coated;62,32;M;1,00 m/m
01923-018;StoFentra Profi 380 mm anthracite powder-coated;110,36;M;1,00 m/m
02106-019;StoFentra Profi 380 mm colored powder-coated;110,70;M;1,00 m/m
01973-006;StoFentra Profi 380 mm natural anodized;71,21;M;1,00 m/m
02010-024;StoFentra Profi 380 mm white powder-coated;87,08;M;1,00 m/m
01923-019;StoFentra Profi 400 mm anthracite powder-coated;116,78;M;1,00 m/m
02106-020;StoFentra Profi 400 mm colored powder-coated;117,11;M;1,00 m/m
01973-007;StoFentra Profi 400 mm natural anodized;76,28;M;1,00 m/m
02010-025;StoFentra Profi 400 mm white powder-coated;91,80;M;1,00 m/m
02010-008;StoFentra Profi 90 mm white pulverbeschic;16,85;M;1,00 m/m
01914-009;StoFentra screws anthracite;0,42;ST;4,0 St./m
01914-008;StoFentra screws colored RAL;0,42;ST;4,0 St./m
01914-002;StoFentra screws natural;0,23;ST;4,0 St./m
01914-004;StoFentra screws white;0,23;ST;4,0 St./m
01914-013;StoFentra screws CWS anthracite;0,64;ST;
01914-014;StoFentra screws CWS colored RAL;0,64;ST;
01914-011;StoFentra screws CWS natural;0,35;ST;
01914-012;StoFentra screws CWS white;0,64;ST;
02174-006;StoFentra transition profile duo 130-195 mm;59,71;ST;
02174-009;StoFentra transition profile duo 130-195 mm;59,71;ST;
02174-012;StoFentra transition profile duo 130-195 mm;65,08;ST;
02174-015;StoFentra transition profile duo 130-195 mm;68,18;ST;
02174-007;StoFentra transition profile duo 210-280 mm;68,85;ST;
02174-010;StoFentra transition profile duo 210-280 mm;68,85;ST;
02174-013;StoFentra transition profile duo 210-280 mm;74,59;ST;
02174-016;StoFentra transition profile duo 210-280 mm;77,96;ST;
02174-008;StoFentra transition profile duo 300-400 mm;83,03;ST;
02174-011;StoFentra transition profile duo 300-400 mm;83,03;ST;
02174-014;StoFentra transition profile duo 300-400 mm;88,43;ST;
02174-017;StoFentra transition profile duo 300-400 mm;93,15;ST;
01925-028;StoElement Solido Thermostop TSP;5,78;ST;
01925-026;StoElement Solido Winkelkonsole MF/MR;24,38;ST;
01925-026;StoElement Solido Winkelkonsole MF/MR;24,38;ST;
01925-027;StoElement Solido Winkelkonsole MSS/MGS;36,54;ST;
01925-027;StoElement Solido Winkelkonsole MSS/MGS;36,54;ST;
08905-002;Sto-Trittkonsole PH 20 cm;49,67;ST;
08905-003;Sto-Trittkonsole PH 25 cm;53,23;ST;
08905-004;Sto-Trittkonsole PH 30 cm;57,90;ST;
03439-001;StoMurisol BD 1K;1,81;L;4,00 - 5,50 l/m² je nach Anwendung
03661/004;StoMurisol BD 2K Combi;1,81;L;4,00 - 5,50 l/m² je nach Anwendung
09627-001;StoPrep Murisol;6,14;L;0,2 l/m²
00780-001;StoFlexyl;4,36;KG;3,90 kg/m² Abdichtung (layer thickness [>=] 3,0 mm)
00780-024;StoFlexyl Cement;0,43;KG;3,90 kg/m² Abdichtung
00047-001;StoLevell SW plus;1,27;KG;
00917-001;Sto-Panzergewebe 100 cm;3,97;M;1,00 m/m²
02036-005;Sto-Glasfasergewebe 110 cm;0,99;M;1,00 m/m² with 10 cm overlap
00920-003;Sto-Glasfasergewebe F 110 cm;0,97;M;1,00 m/m² with 10 cm overlap
00915-002;Sto-Glasfasergewebe G 110 cm;1,38;M;1,00 m/m² with 10 cm overlap
01912-001;Sto-Armierungspfeil;0,96;ST;1,00 pc/pc
01912-010;Sto-Armierungspfeil 66,5 x 33 cm;0,80;ST;1,00 pc/pc
00914-001;Sto-quoin mesh Typ I 200 cm for groove type;5,93;ST;0,53 St./m
00914-002;Sto-quoin mesh Typ II 200 cm for Nutty;5,93;ST;0,53 St./m
00914-003;Sto-quoin mesh Typ III 200 cm for Nutt;5,93;ST;0,53 St./m
00916-001;Sto-quoin mesh outside corner I for groove type;5,68;ST;1,00 pc/pc
00916-002;Sto-quoin mesh outside corner II for groove type;5,68;ST;1,00 pc/pc
00916-003;Sto-quoin mesh outside corner III for Nutty;5,68;ST;1,00 pc/pc
00916-004;Sto-quoin mesh inside corner I for groove type;5,75;ST;1,00 pc/pc
00916-005;Sto-quoin mesh inside corner II for groove type;5,75;ST;1,00 pc/pc
00916-006;Sto-quoin mesh inside corner III for Nutty;5,68;ST;1,00 pc/pc
00916-007;Sto-quoin mesh cross piece I for groove type;10,18;ST;1,00 pc/pc
00916-008;Sto-quoin mesh cross piece II for Nutty;10,39;ST;1,00 pc/pc
00916-009;Sto-quoin mesh cross piece III for Nutt;10,18;ST;1,00 pc/pc
00916-010;Sto-quoin mesh T-piece I for groove type I;9,05;ST;1,00 pc/pc
00916-011;Sto-quoin mesh T-piece II for groove type I;9,05;ST;1,00 pc/pc
00916-012;Sto-quoin mesh T-piece III for groove type;9,05;ST;1,00 pc/pc
00974-001;Sto-Sturzeckwinkel 10 cm;4,87;ST;1,00 pc/pc
00974-003;Sto-Sturzeckwinkel 20 cm;4,84;ST;1,00 pc/pc
00974-011;Sto-Sturzeckwinkel 30 cm;6,17;ST;
01962-001;Sto-Panzerwinkel Typ 11/13 cm;2,18;M;1,00 m/m
07713-003;StoGuard Mesh 10 cm wide;0,50;M;1 m/m
07713-004;StoGuard Mesh 25 cm wide;1,13;M;1 m/m
00728-002;Sto-Baukleber;1,30;KG;4,00 - 6,00 kg/m² bonding
00157-001;StoColl Mineral HP;1,27;KG;4,00 - 7,00 kg/m² bonding
00737-001;StoLevell Cell;1,29;KG;5,00 - 10,00 kg/m² bonding
08781-001;StoLevell Combi plus;1,05;KG;4,00 - 7,00 kg/m² bonding
01373-009;StoLevell duo;0,39;KG;4,50 - 5,50 kg/m² bonding
01373-029;StoLevell duo plus;0,46;KG;4,50 - 7,50 kg/m² bonding
02241-001;StoLevell duo plus QS;0,91;KG;4,50 - 7,50 kg/m² bonding
08210-004;StoLevell FT;1,73;KG;4,00 - 7,00 kg/m² bonding
09621-003;StoLevell Neo AimS;1,58;KG;6,00 - 7,00 kg/m² bonding von Weichfaserplatten
00714-030;StoLevell Novo;0,95;KG;5,00 - 15,00 kg/m² Armierung je nach Systemzulassung
00815-001;StoLevell Uni;0,97;KG;4,00 - 7,00 kg/m² bonding
00829-004;Sto-Dispersionskleber;4,75;KG;1,00 - 1,50 kg/m² bonding von EPS-Hartschaumplatten 4x4 Zahnung
00832-006;Sto-Steinpaste;9,89;KG;1,00 kg/m²
00002-001;StoArmat Classic AimS tinted;3,70;KG;5,00 - 10,00 kg/m² as reinforcing compound on mineral wool insulation boards
00002-002;StoArmat Classic AimS natural;3,11;KG;5,00 - 10,00 kg/m² as reinforcing compound on mineral wool insulation boards
09595-001;StoArmat Classic HD;3,41;KG;4,00 - 9,50 kg/m² as reinforcing compound on EPS-Hartschaumplatten d = 2,5 - 5,0 mm
00250-086;StoArmat Classic plus F tinted;3,60;KG;3,50 - 9,50 kg/m² as reinforcing compound on EPS-Hartschaumplatten
00250-087;StoArmat Classic plus F natural;3,02;KG;3,50 - 9,50 kg/m² as reinforcing compound on EPS-Hartschaumplatten
00250-090;StoArmat Classic plus G tinted;3,11;KG;3,50 - 9,50 kg/m² as reinforcing compound on EPS-Hartschaumplatten
00250-091;StoArmat Classic plus G natural;2,52;KG;3,50 - 9,50 kg/m² as reinforcing compound on EPS-Hartschaumplatten
00250-088;StoArmat Classic plus M tinted;3,46;KG;3,50 - 9,50 kg/m² as reinforcing compound on EPS-Hartschaumplatten
00250-089;StoArmat Classic plus M natural;2,88;KG;3,50 - 9,50 kg/m² as reinforcing compound on EPS-Hartschaumplatten
09021-017;StoArmat Classic plus QS F tinted;3,83;KG;3,50 - 9,50 kg/m² as reinforcing compound on EPS-Hartschaumplatten
09021-018;StoArmat Classic plus QS F natural;3,25;KG;3,50 - 9,50 kg/m² as reinforcing compound on EPS-Hartschaumplatten
09021-021;StoArmat Classic plus QS G tinted;3,33;KG;3,50 - 9,50 kg/m² as reinforcing compound on EPS-Hartschaumplatten
09021-022;StoArmat Classic plus QS G natural;2,75;KG;3,50 - 9,50 kg/m² as reinforcing compound on EPS-Hartschaumplatten
09021-019;StoArmat Classic plus QS M tinted;3,69;KG;3,50 - 9,50 kg/m² as reinforcing compound on EPS-Hartschaumplatten
09021-020;StoArmat Classic plus QS M natural;3,11;KG;3,50 - 9,50 kg/m² as reinforcing compound on EPS-Hartschaumplatten
00250-033;StoArmat Classic S1 tinted;3,43;KG;3,50 - 4,50 kg/m² as reinforcing compound on EPS-Hartschaumplatten
00250-029;StoArmat Classic S1 natural;2,85;KG;3,50 - 4,50 kg/m² as reinforcing compound on EPS-Hartschaumplatten
02559-002;Sto-Turbofix Mini 750 ml;22,99;ST;0,13 - 0,33 St./m²
01894-020;StoFix Iso-Bar 200 mm;26,18;ST;1,0 pc/pc depending on the project and application
01894-021;StoFix Iso-Bar 260 mm;28,87;ST;1,0 pc/pc depending on the project and application
01894-022;StoFix Iso-Bar 320 mm;31,55;ST;1,0 pc/pc depending on the project and application
01894-023;StoFix Iso-Bar 380 mm;34,28;ST;1,0 pc/pc depending on the project and application
01923-024;StoFix Iso-dart 100 mm;5,39;ST;
01923-025;StoFix Iso-dart 120 mm;5,52;ST;
01923-026;StoFix Iso-dart 140 mm;5,66;ST;
01923-027;StoFix Iso-dart 160 mm;5,80;ST;
01923-028;StoFix Iso-dart 180 mm;5,95;ST;
01923-029;StoFix Iso-dart 200 mm;6,11;ST;
01923-030;StoFix Iso-dart 220 mm;6,25;ST;
01923-031;StoFix Iso-dart 240 mm;6,41;ST;
01923-032;StoFix Iso-dart 260 mm;6,56;ST;
01923-033;StoFix Iso-dart 280 mm;6,72;ST;
01923-023;StoFix Iso-dart 80 mm;5,26;ST;
02677-005;StoFix block HD Maxi 100 mm Format 198x;23,18;ST;1,00 pc/pc
02677-006;StoFix block HD Maxi 120 mm Format 198x;25,49;ST;1,00 pc/pc
02677-007;StoFix block HD Maxi 140 mm Format 198x;28,04;ST;1,00 pc/pc
02677-009;StoFix block HD Maxi 160 mm Format 198x;30,84;ST;1,00 pc/pc
02677-010;StoFix block HD Maxi 180 mm Format 198x;33,92;ST;1,00 pc/pc
02677-011;StoFix block HD Maxi 200 mm Format 198x;37,32;ST;1,00 pc/pc
02677-023;StoFix block HD Maxi 220 mm Format 198x;41,06;ST;1,00 pc/pc
02677-024;StoFix block HD Maxi 240 mm Format 198x;45,15;ST;1,00 pc/pc
02677-025;StoFix block HD Maxi 260 mm Format 198x;49,68;ST;1,00 pc/pc
02677-026;StoFix block HD Maxi 280 mm Format 198x;54,64;ST;1,00 pc/pc
02677-027;StoFix block HD Maxi 300 mm Format 198x;60,10;ST;1,00 pc/pc
02677-001;StoFix block HD Maxi 60 mm Format 198x1;17,42;ST;1,00 pc/pc
02677-003;StoFix block HD Maxi 80 mm Format 198x1;21,07;ST;1,00 pc/pc
02676-005;StoFix block ND Midi 100 mm 100x150 mm;13,13;ST;1,00 pc/pc
02676-006;StoFix block ND Midi 120 mm 100x150 mm;13,66;ST;1,00 pc/pc
02676-007;StoFix block ND Midi 140 mm 100x150 mm;14,21;ST;1,00 pc/pc
02676-009;StoFix block ND Midi 160 mm 100x150 mm;14,77;ST;1,00 pc/pc
02676-010;StoFix block ND Midi 180 mm 100x150 mm;15,35;ST;1,00 pc/pc
02676-011;StoFix block ND Midi 200 mm 100x150 mm;15,98;ST;1,00 pc/pc
02676-013;StoFix block ND Midi 220 mm 100x150 mm;16,61;ST;1,00 pc/pc
02676-014;StoFix block ND Midi 240 mm 100x150 mm;17,28;ST;1,00 pc/pc
02676-015;StoFix block ND Midi 260 mm 100x150 mm;17,97;ST;1,00 pc/pc
02676-016;StoFix block ND Midi 280 mm 100x150 mm;18,69;ST;1,00 pc/pc
02676-017;StoFix block ND Midi 300 mm 100x150 mm;19,43;ST;1,00 pc/pc
02676-018;StoFix block ND Midi 40 mm 100x150 mm;10,41;ST;1,00 pc/pc
02676-001;StoFix block ND Midi 60 mm 100x150 mm;11,22;ST;1,00 pc/pc
02676-003;StoFix block ND Midi 80 mm 100x150 mm;12,14;ST;1,00 pc/pc
02675-001;StoFix block ND Mini  60 mm 100x100 mm;8,87;ST;1,00 pc/pc
02675-003;StoFix block ND Mini  80 mm 100x100 mm;9,77;ST;1,00 pc/pc
02675-005;StoFix block ND Mini 100 mm 100x100 mm;10,26;ST;1,00 pc/pc
02675-006;StoFix block ND Mini 120 mm 100x100 mm;10,78;ST;1,00 pc/pc
02675-007;StoFix block ND Mini 140 mm 100x100 mm;11,31;ST;1,00 pc/pc
02675-009;StoFix block ND Mini 160 mm 100x100 mm;12,47;ST;1,00 pc/pc
02675-010;StoFix block ND Mini 180 mm 100x100 mm;13,10;ST;1,00 pc/pc
02675-011;StoFix block ND Mini 200 mm 100x100 mm;13,75;ST;1,00 pc/pc
02675-013;StoFix block ND Mini 220 mm 100x100 mm;14,44;ST;1,00 pc/pc
02675-014;StoFix block ND Mini 240 mm 100x100 mm;15,15;ST;1,00 pc/pc
02675-015;StoFix block ND Mini 260 mm 100x100 mm;15,92;ST;1,00 pc/pc
02675-016;StoFix block ND Mini 280 mm 100x100 mm;16,72;ST;1,00 pc/pc
02675-017;StoFix block ND Mini 300 mm 100x100 mm;17,54;ST;1,00 pc/pc
09052-001;StoFix block Quick 120 x 160 x 1000 mm;54,41;ST;1,00 pc/pc
04001-015;StoFix SLK-ALU-TQ 100 mm;151,13;ST;
04001-016;StoFix SLK-ALU-TQ 120 mm;156,75;ST;
04001-017;StoFix SLK-ALU-TQ 140 mm;161,63;ST;
04001-018;StoFix SLK-ALU-TQ 160 mm;167,63;ST;
04001-019;StoFix SLK-ALU-TQ 180 mm;173,25;ST;
04001-020;StoFix SLK-ALU-TQ 200 mm;179,25;ST;
04001-021;StoFix SLK-ALU-TQ 220 mm;185,25;ST;
04001-022;StoFix SLK-ALU-TQ 240 mm;192,00;ST;
04001-023;StoFix SLK-ALU-TQ 260 mm;198,75;ST;
04001-024;StoFix SLK-ALU-TQ 280 mm;205,50;ST;
04001-025;StoFix SLK-ALU-TQ 300 mm;213,00;ST;
04001-001;StoFix SLK-ALU-TR 100 mm;126,00;ST;
04001-002;StoFix SLK-ALU-TR 120 mm;130,50;ST;
04001-003;StoFix SLK-ALU-TR 140 mm;135,00;ST;
04001-004;StoFix SLK-ALU-TR 160 mm;139,88;ST;
04001-005;StoFix SLK-ALU-TR 180 mm;145,13;ST;
04001-006;StoFix SLK-ALU-TR 200 mm;149,63;ST;
04001-007;StoFix SLK-ALU-TR 220 mm;154,88;ST;
04001-008;StoFix SLK-ALU-TR 240 mm;160,50;ST;
04001-009;StoFix SLK-ALU-TR 260 mm;165,75;ST;
04001-010;StoFix SLK-ALU-TR 280 mm;172,13;ST;
04001-011;StoFix SLK-ALU-TR 300 mm;177,38;ST;
08029-009;StoFix support bracket 100 mm;36,89;ST;
08029-010;StoFix support bracket 120 mm;37,97;ST;
08029-011;StoFix support bracket 140 mm;39,51;ST;
08029-012;StoFix support bracket 160 mm;40,74;ST;
08029-013;StoFix support bracket 180 mm;41,85;ST;
08029-014;StoFix support bracket 200 mm;43,19;ST;
08029-015;StoFix support bracket 220 mm;44,18;ST;
08029-016;StoFix support bracket 240 mm;45,31;ST;
08029-017;StoFix support bracket 260 mm;46,38;ST;
08029-018;StoFix support bracket 280 mm;47,81;ST;
08029-019;StoFix support bracket 300 mm;48,62;ST;
08029-008;StoFix support bracket 80 mm;36,52;ST;
01896-009;StoFix Trawik PU 100 mm;32,66;ST;1,00 pc/pc
01896-010;StoFix Trawik PU 120 mm;34,03;ST;1,00 pc/pc
01896-011;StoFix Trawik PU 140 mm;35,14;ST;1,00 pc/pc
01896-012;StoFix Trawik PU 160 mm;36,54;ST;1,00 pc/pc
01896-013;StoFix Trawik PU 180 mm;37,73;ST;1,00 pc/pc
01896-014;StoFix Trawik PU 200 mm;38,63;ST;1,00 pc/pc
01896-007;StoFix Trawik PU 60 mm;31,31;ST;1,00 pc/pc
01896-008;StoFix Trawik PU 80 mm;31,70;ST;1,00 pc/pc
01896-017;StoFix Trawik PU Einschraubmuffe SK M8 L;2,32;ST;1,00 pc/pc
07708-004;StoFix TWL-ALU-RF 100 mm;57,33;ST;
07708-005;StoFix TWL-ALU-RF 120 mm;59,96;ST;
07708-006;StoFix TWL-ALU-RF 140 mm;62,09;ST;
07708-007;StoFix TWL-ALU-RF 160 mm;64,79;ST;
07708-008;StoFix TWL-ALU-RF 180 mm;67,09;ST;
07708-009;StoFix TWL-ALU-RF 200 mm;68,86;ST;
07708-010;StoFix TWL-ALU-RF 220 mm;71,29;ST;
07708-011;StoFix TWL-ALU-RF 240 mm;73,73;ST;
07708-012;StoFix TWL-ALU-RF 260 mm;76,16;ST;
07708-013;StoFix TWL-ALU-RF 280 mm;78,61;ST;
07708-014;StoFix TWL-ALU-RF 300 mm;81,04;ST;
07708-015;StoFix TWL-ALU-RL 100 mm;57,33;ST;
07708-016;StoFix TWL-ALU-RL 120 mm;59,96;ST;
07708-017;StoFix TWL-ALU-RL 140 mm;62,09;ST;
07708-018;StoFix TWL-ALU-RL 160 mm;64,79;ST;
07708-019;StoFix TWL-ALU-RL 180 mm;67,09;ST;
07708-020;StoFix TWL-ALU-RL 200 mm;68,86;ST;
07708-021;StoFix TWL-ALU-RL 220 mm;71,29;ST;
07708-022;StoFix TWL-ALU-RL 240 mm;73,73;ST;
07708-023;StoFix TWL-ALU-RL 260 mm;76,16;ST;
07708-024;StoFix TWL-ALU-RL 280 mm;78,61;ST;
07708-025;StoFix TWL-ALU-RL 300 mm;81,04;ST;
00069-014;StoFix UMP-ALU-TR 100 mm;89,63;ST;
00069-015;StoFix UMP-ALU-TR 120 mm;96,75;ST;
00069-016;StoFix UMP-ALU-TR 140 mm;96,75;ST;
00069-017;StoFix UMP-ALU-TR 160 mm;98,63;ST;
00069-018;StoFix UMP-ALU-TR 180 mm;102,00;ST;
00069-019;StoFix UMP-ALU-TR 200 mm;109,13;ST;
00069-020;StoFix UMP-ALU-TR 220 mm;111,75;ST;
00069-021;StoFix UMP-ALU-TR 240 mm;113,25;ST;
00069-022;StoFix UMP-ALU-TR 260 mm;119,63;ST;
00069-023;StoFix UMP-ALU-TR 280 mm;123,38;ST;
00069-024;StoFix UMP-ALU-TR 300 mm;127,50;ST;
00069-013;StoFix UMP-ALU-TR 80 mm;84,38;ST;
04950-005;StoFix washer;0,95;ST;
02778-003;StoFix Spirale ID 60 length 60 mm, with Di;1,40;ST;
04896-015;StoFix Zyrillo 125 mm;9,95;ST;
04896-014;StoFix Zyrillo 70 mm;5,47;ST;
08926-002;StoFix Eldoline;2,13;ST;1 St.
08926-016;StoFix Eldoline CA;4,56;ST;1 St.
08926-003;StoFix Eldoline milling tool;29,00;ST;1 St.
01894-017;cleaning brush D 26 mm;4,64;ST;
01894-016;cleaning brush D 28 mm;4,64;ST;
01894-018;Sto-Drahtseilschere;48,80;ST;
01894-015;StoFix Iso-Bar Drill D 24/310-250;60,08;ST;
01894-014;StoFix Iso-Bar Drill D 24/450-400;66,69;ST;
01894-013;StoFix Iso-Bar Drill D 26/250-200;46,19;ST;
01894-012;StoFix Iso-Bar Drill D 26/450-400;56,14;ST;
01894-010;StoFix Iso-Bar ECO climbing rung;3,40;ST;
01894-011;StoFix Iso-Bar ECO Rundlitzenseil D 4 mm;2,95;M;
01894-019;StoFix Iso-Bar ECO Seilabdeckkappe;0,23;ST;
01894-008;StoFix Iso-Bar ECO Seilkreuz 90° A4;10,44;ST;
01894-007;StoFix Iso-Bar ECO Seilkreuz 90° PL;5,45;ST;
01894-009;StoFix Iso-Bar ECO Seilkreuz verstellbar;16,35;ST;
04001-013;StoFix SLK-ALU injection anchor Beton;10,45;ST;
04001-012;StoFix SLK-ALU injection anchor Mauerwerk;17,09;ST;
04001-026;StoFix SLK-ALU-TQ Setzlehre;7,52;ST;
04001-014;StoFix SLK-ALU-TR Setzlehre;10,46;ST;
08029-029;RAMPA Muffe SK 16 mm L = 30 mm;4,01;ST;
01896-018;StoFix Trawik PU/FK Setzlehre;120,75;ST;1,00 pc/pc
01896-019;StoFix Trawik PU/FK/TWL Bohrlehre;67,28;ST;1,00 pc/pc
00069-027;StoFix UMP-ALU injection anchor;16,33;ST;
00069-025;StoFix UMP-ALU frame anchor;5,90;ST;
00069-028;StoFix UMP-ALU-TR Setzlehre;4,04;ST;
01894-003;StoFix Iso-Bar ECO 200 mm;60,47;ST;1,0 pc/pc depending on the project and application
01894-004;StoFix Iso-Bar ECO 260 mm;63,21;ST;1,0 pc/pc depending on the project and application
01894-005;StoFix Iso-Bar ECO 320 mm;65,93;ST;1,0 pc/pc depending on the project and application
01894-006;StoFix Iso-Bar ECO 380 mm;68,68;ST;1,0 pc/pc depending on the project and application
02657-065;Sto-connection profile Pronto 1,25 cm 300 c;4,82;M;1,00 m/m
02657-083;Sto-connection profile Pronto 2,0 cm 300 cm;5,64;M;1,00 m/m
02657-084;Sto-connection profile Pronto 3,0 cm 300 cm;4,93;M;1,00 m/m
02657-206;Sto-connection profile Pronto 3D 300 cm;7,58;M;1,00 m/m
02657-247;StoProfile Pronto RO 1,25 cm 300 cm;9,37;M;1,0 m/m
02659-002;StoProfile Pronto V 260 cm;3,69;M;1,00 m/m
01031-027;StoProfile Seal Bravo S anthracite 260 cm;4,37;M;1,00 m/m
01031-025;StoProfile Seal Bravo S white 155 cm;4,37;M;1,00 m/m
01031-026;StoProfile Seal Bravo S white 260 cm;4,37;M;1,00 m/m
01928-002;StoProfile Seal Brick anthracite 260 cm;6,51;M;1,00 m/m
01804-013;StoProfile Seal Perfect anthracite 260 cm;3,85;M;1,0 m/m
01804-011;StoProfile Seal Perfect white 155 cm;3,08;M;1,0 m/m
01804-012;StoProfile Seal Perfect white 260 cm;3,08;M;1,0 m/m
01804-016;StoProfile Seal Perfect S anthracite 260;3,85;M;1,00 m/m
01804-014;StoProfile Seal Perfect S white 155 cm;3,85;M;1,00 m/m
01804-015;StoProfile Seal Perfect S white 260 cm;3,85;M;1,00 m/m
02934-008;StoProfile Seal Roma 155 cm;3,25;M;1,00 m/m
02934-007;StoProfile Seal Roma 260 cm;3,25;M;1,00 m/m
01032-033;StoProfile Seal Standard S 155 cm;2,89;M;1,00 m/m
01032-034;StoProfile Seal Standard S 260 cm;2,86;M;1,00 m/m
07902-014;StoProfile Seal Supra white 155 cm;3,27;M;1,00 m/m
07902-013;StoProfile Seal Supra white 260 cm;3,27;M;1,00 m/m
01897-026;Sto-Dehnfugen-Abdeckprofil E 250 cm;4,88;M;1,00 m/m
01897-025;Sto-Dehnfugen-Abdeckprofil V 250 cm;3,49;M;1,00 m/m
01897-017;Sto-expansion joint profile E 250 cm;13,56;M;1,00 m/m
01897-023;Sto-expansion joint profile E outside corner piece;25,24;ST;
01897-024;Sto-expansion joint profile E inside corner piece;25,24;ST;
01897-020;Sto-expansion joint profile E cross piece;45,02;ST;
01897-022;Sto-expansion joint profile E L-piece;25,24;ST;
01897-021;Sto-expansion joint profile E T-piece;36,42;ST;
01897-018;Sto-expansion joint profile V 250 cm;13,56;M;1,00 m/m
01976-002;StoProfile Move H 200 cm;13,07;M;1,00 m/m
01976-004;StoProfile Move H outside corner piece;34,37;ST;1,00 m/m
01976-003;StoProfile Move H inside corner piece;34,37;ST;1,00 m/m
01895-003;StoProfile Move V 2 265 cm;9,17;M;1,00 m/m
00961-045;Sto-Gewebewinkel Standard 10/35 Kunststo;1,81;M;1,00 m/m
00961-013;Sto-Gewebewinkel Standard 11/13 Kunststo;0,94;M;1,00 m/m
00961-014;Sto-Gewebewinkel Standard 11/22 Kunststo;1,24;M;1,00 m/m
08147-001;Sto-Kantenprofil Y 10 mm 250 cm;1,88;M;1,00 m/m
08147-004;Sto-Kantenprofil Y 5 mm 250 cm;1,77;M;1,00 m/m
01917-007;Sto-Rolleckwinkel Ideal 10/15 cm;1,65;M;1,00 m/m
01839-012;StoProfile Drip F 200 cm;5,02;M;1,00 m/m
02163-006;Sto-clip-on profile Novo 10 mm stainless steel;3,45;M;1,00 m/m
02163-007;Sto-clip-on profile Novo 15 mm stainless steel;3,58;M;1,00 m/m
02163-005;Sto-clip-on profile Novo 6 mm stainless steel 2;3,35;M;1,00 m/m
08904-019;Sto-clip-on profile Perfekt 10 mm 240 cm;4,82;M;1,00 m/m
08904-005;Sto-clip-on profile Perfekt 3 mm 230 cm l;2,00;M;1,00 m/m
08904-006;Sto-clip-on profile Perfekt 6 mm 230 cm l;2,37;M;1,00 m/m
07845-003;Sto-plinth strip Universal  22 mm;3,48;M;1,00 m/m
07845-004;Sto-plinth strip Universal  32 mm;3,82;M;1,00 m/m
07845-005;Sto-plinth strip Universal  42 mm;4,17;M;1,00 m/m
07845-006;Sto-plinth strip Universal  52 mm;4,50;M;1,00 m/m
07845-007;Sto-plinth strip Universal  62 mm;4,85;M;1,00 m/m
07845-008;Sto-plinth strip Universal  72 mm;5,19;M;1,00 m/m
07845-009;Sto-plinth strip Universal  82 mm;5,52;M;1,00 m/m
07845-010;Sto-plinth strip Universal  92 mm;6,88;M;1,00 m/m
07845-011;Sto-plinth strip Universal 102 mm;7,63;M;1,00 m/m
07845-012;Sto-plinth strip Universal 122 mm;8,67;M;1,00 m/m
07845-013;Sto-plinth strip Universal 142 mm;9,73;M;1,00 m/m
07845-014;Sto-plinth strip Universal 152 mm;10,82;M;1,00 m/m
07845-015;Sto-plinth strip Universal 162 mm;12,53;M;1,00 m/m
07845-001;Sto-plinth strip Universal 182 mm;13,14;M;1,00 m/m
07845-002;Sto-plinth strip Universal 202 mm;14,43;M;1,00 m/m
01827-037;Sto-plinth profile PH 10 mm 240 cm;4,68;M;1,00 m/m
01827-025;Sto-plinth profile PH 3 mm 240 cm;4,62;M;1,00 m/m
01827-034;Sto-plinth profile PH 3 mm Ausladung 36 mm;4,48;M;1,00 m/m
01827-030;Sto-plinth profile PH 3 mm outside corner piece;10,23;ST;1,00 m/m
01827-029;Sto-plinth profile PH 3 mm inside corner piece;10,23;ST;1,00 m/m
01827-026;Sto-plinth profile PH 6 mm 240 cm;5,00;M;1,00 m/m
01827-032;Sto-plinth profile PH 6 mm outside corner piece;10,23;ST;1,00 m/m
01827-031;Sto-plinth profile PH 6 mm inside corner piece;10,23;ST;1,00 m/m
01827-027;Sto-plinth profile PH-A 3 mm 240 cm;4,48;M;1,00 m/m
01827-028;Sto-plinth profile PH-A 6 mm 240 cm;4,74;M;1,00 m/m
01827-022;Sto-Verbreiterungsprofil PH 250 cm;2,46;M;1 m/m
01940-003;StoProfile Start ST 100 mm 200 cm;3,73;M;1,00 m/m
01940-005;StoProfile Start ST 160 mm 200 cm;4,80;M;1,00 m/m
01940-004;StoProfile Start ST 60 mm 200 cm;2,89;M;1,00 m/m
09390-017;Sto-joint side profile 23 mm white 250 cm;3,43;M;
04893-001;Sto-Attikaprofil 230 cm long;4,24;M;1,00 m/m
08904-018;Sto-clip-on profile RK 210 cm long;4,92;M;1 m/m
02164-006;Sto-roof ventilation profile Air 250 cm;4,97;M;1,00 m/m
09390-012;Sto-joint side profile corner piece black;12,14;ST;1,00 m/m
09390-011;Sto-joint side profile corner piece white;12,14;ST;1,00 m/m
09390-001;Sto-joint side profile black 250 cm la;4,58;M;1,00 m/m
09390-008;Sto-joint side profile white 250 cm long;4,58;M;1,00 m/m
02083-013;Sto-Putzabschlussprofil  3 mm 240 cm lan;1,21;M;1,00 m/m
02083-014;Sto-Putzabschlussprofil  6 mm 240 cm lan;1,21;M;1,00 m/m
02083-015;Sto-Putzabschlussprofil 10mm 240 cm long;1,33;M;1,00 m/m
02083-016;Sto-Putzabschlussprofil 15 mm 240 cm lan;1,42;M;1,00 m/m
02083-024;Sto-Putzabschlussprofil 20 mm 240 cm lan;1,44;M;1,00 m/m
01889-023;Sto-drip edge profile DP 10 mm 240 cm;3,84;M;
01889-021;Sto-drip edge profile DP 3 mm 240 cm;3,23;M;
01889-024;Sto-drip edge profile DP 3 mm corner piece;3,44;ST;
01889-022;Sto-drip edge profile DP 6 mm 240 cm;3,23;M;
01889-025;Sto-drip edge profile DP 6 mm corner piece;3,53;ST;
01055-004;Sto-drip edge profile Fix 210 cm long;3,92;M;1 m/m
07963-001;Sto-drip edge profile Vario;4,04;M;1,00 m/m
04909-010;Sto-transition profile Blech 250 cm long;5,89;M;1,00 m/m
01835-030;StoFentra Guard corner piece 100 mm;13,34;PAA;1,00 pc/pc
01835-028;StoFentra Guard center piece 100 mm 2,5 m;10,31;M;1,00 pc/pc
01835-041;StoFentra Guard Profile 200 mm 250 cm;12,55;M;1,00 pc/pc
07035-021;StoProfile Edge GTR15 3mm 240cm;3,02;M;1,00 m/m
07035-020;StoProfile Edge GTR15 6mm 240cm;3,02;M;1,00 m/m
07035-015;StoProfile Edge GTR20 10mm 240cm;3,55;M;1,00 m/m
07035-013;StoProfile Edge GTR20 3mm 240cm;3,24;M;1,00 m/m
07035-014;StoProfile Edge GTR20 6mm 240cm;3,24;M;1,00 m/m
02026-002;Sto-plinth board PS30SE  6 cm 100x50 cm;7,76;M2;1,00 m²/m²
02028-002;Sto-plinth board PS30SE  8 cm 100x50 cm;10,34;M2;1,00 m²/m²
02030-005;Sto-plinth board PS30SE 10 cm 100x50 cm;12,93;M2;1,00 m²/m²
02022-028;Sto-plinth board PS30SE 10 cm 100x60 cm;19,65;M2;1,00 m²/m²
02032-002;Sto-plinth board PS30SE 12 cm 100x50 cm;15,52;M2;1,00 m²/m²
02032-005;Sto-plinth board PS30SE 14 cm 100x50 cm;18,10;M2;1,00 m²/m²
02032-007;Sto-plinth board PS30SE 16 cm 100x50 cm;20,69;M2;1,00 m²/m²
02032-009;Sto-plinth board PS30SE 18 cm 100x50 cm;23,27;M2;1,00 m²/m²
02032-011;Sto-plinth board PS30SE 20 cm 100x50 cm;25,86;M2;1,00 m²/m²
02032-062;Sto-plinth board PS30SE 22 cm 100x50 cm;28,45;M2;1,00 m²/m²
02032-064;Sto-plinth board PS30SE 24 cm 100x50 cm;31,03;M2;1,00 m²/m²
02032-066;Sto-plinth board PS30SE 26 cm 100x50 cm;33,62;M2;1,00 m²/m²
02032-105;Sto-plinth board PS30SE 26 cm 100x50 cm;33,62;M2;1,00 m²/m²
02032-068;Sto-plinth board PS30SE 28 cm 100x50 cm;36,20;M2;1,00 m²/m²
02032-107;Sto-plinth board PS30SE 28 cm 100x50 cm;36,21;M2;1,00 m²/m²
02032-070;Sto-plinth board PS30SE 30 cm 100x50 cm;38,79;M2;1,00 m²/m²
02022-019;Sto-plinth board PS30SE 32 cm 100x50 cm;41,38;M2;1,00 m²/m²
02022-021;Sto-plinth board PS30SE 34 cm 100x50 cm;43,96;M2;1,00 m²/m²
02022-023;Sto-plinth board PS30SE 36 cm 100x50 cm;46,55;M2;1,00 m²/m²
02022-025;Sto-plinth board PS30SE 38 cm 100x50 cm;49,13;M2;1,00 m²/m²
02022-027;Sto-plinth board PS30SE 40 cm 100x50 cm;51,72;M2;1,00 m²/m²
09373-006;Sto-EPS plinth insulation board 032 10 cm 100X5;14,80;M2;1,00 m²/m²
09373-008;Sto-EPS plinth insulation board 032 12 cm 100X5;17,76;M2;1,00 m²/m²
09373-010;Sto-EPS plinth insulation board 032 14 cm 100X5;20,72;M2;1,00 m²/m²
09373-012;Sto-EPS plinth insulation board 032 16 cm 100X5;23,68;M2;1,00 m²/m²
09373-014;Sto-EPS plinth insulation board 032 18 cm 100X5;26,64;M2;1,00 m²/m²
09373-016;Sto-EPS plinth insulation board 032 20 cm 100X5;29,60;M2;1,00 m²/m²
09373-018;Sto-EPS plinth insulation board 032 22 cm 100X5;32,56;M2;1,00 m²/m²
09373-020;Sto-EPS plinth insulation board 032 24 cm 100X5;35,52;M2;1,00 m²/m²
09373-022;Sto-EPS plinth insulation board 032 26 cm 100X5;38,48;M2;1,00 m²/m²
09373-024;Sto-EPS plinth insulation board 032 28 cm 100X5;41,44;M2;1,00 m²/m²
09373-026;Sto-EPS plinth insulation board 032 30 cm 100X5;44,40;M2;1,00 m²/m²
09373-002;Sto-EPS plinth insulation board 032 6 cm 100x50;8,88;M2;1,00 m²/m²
09373-004;Sto-EPS plinth insulation board 032 8 cm 100x50;11,84;M2;1,00 m²/m²
09543-017;Sto-perimeter insulation board XPS 10 cm 126,5x61,5;32,10;M2;1,04 m²/m²
09543-017;Sto-perimeter insulation board XPS 10 cm 126,5x61,5;24,85;M2;1,04 m²/m²
09543-018;Sto-perimeter insulation board XPS 12 cm 126,5x61,5;38,54;M2;1,04 m²/m²
09543-018;Sto-perimeter insulation board XPS 12 cm 126,5x61,5;29,83;M2;1,04 m²/m²
09543-019;Sto-perimeter insulation board XPS 14 cm 126,5x61,5;44,94;M2;1,04 m²/m²
09543-019;Sto-perimeter insulation board XPS 14 cm 126,5x61,5;34,79;M2;1,04 m²/m²
09543-020;Sto-perimeter insulation board XPS 16 cm 126,5x61,5;53,04;M2;1,04 m²/m²
09543-020;Sto-perimeter insulation board XPS 16 cm 126,5x61,5;41,44;M2;1,04 m²/m²
09543-021;Sto-perimeter insulation board XPS 18 cm 126,5x61,5;62,46;M2;1,04 m²/m²
09543-021;Sto-perimeter insulation board XPS 18 cm 126,5x61,5;49,41;M2;1,04 m²/m²
09543-022;Sto-perimeter insulation board XPS 20 cm 126,5x61,5;69,40;M2;1,04 m²/m²
09543-022;Sto-perimeter insulation board XPS 20 cm 126,5x61,5;54,90;M2;1,04 m²/m²
09543-023;Sto-perimeter insulation board XPS 24 cm 126,5x61,5;83,27;M2;1,04 m²/m²
09543-023;Sto-perimeter insulation board XPS 24 cm 126,5x61,5;65,87;M2;1,04 m²/m²
09543-015;Sto-perimeter insulation board XPS 6 cm 126,5x61,5;19,26;M2;1,04 m²/m²
09543-015;Sto-perimeter insulation board XPS 6 cm 126,5x61,5;14,91;M2;1,04 m²/m²
09543-016;Sto-perimeter insulation board XPS 8 cm 126,5x61,5;25,68;M2;1,04 m²/m²
09543-016;Sto-perimeter insulation board XPS 8 cm 126,5x61,5;19,88;M2;1,04 m²/m²
02657-275;StoElement Pronto K-100 2,5° 15cm;30,69;M;
02657-276;StoElement Pronto K-100 2,5° 25cm;32,78;M;
02657-277;StoElement Pronto K-100 2,5° 35cm;36,76;M;
02657-278;StoElement Pronto K-100 5° 15cm;30,80;M;
02657-279;StoElement Pronto K-100 5° 25cm;33,27;M;
02657-280;StoElement Pronto K-100 5° 35cm;39,25;M;
02657-281;StoElement Pronto K-300 2,5° 15cm;32,07;M;
02657-282;StoElement Pronto K-300 2,5° 25cm;35,80;M;
02657-283;StoElement Pronto K-300 2,5° 35cm;37,09;M;
02657-284;StoElement Pronto K-300 5° 15cm;37,67;M;
02657-285;StoElement Pronto K-300 5° 25cm;39,81;M;
02657-286;StoElement Pronto K-300 5° 35cm;47,10;M;
02657-248;StoElement Pronto L-100 1,25 cm up to 15 c;21,36;M;
02657-249;StoElement Pronto L-100 1,25 cm up to 25 c;26,01;M;
02657-250;StoElement Pronto L-100 1,25 cm up to 35 c;31,28;M;
02657-251;StoElement Pronto L-100 2,0 cm up to 15 cm;22,13;M;
02657-252;StoElement Pronto L-100 2,0 cm up to 25 cm;27,15;M;
02657-253;StoElement Pronto L-100 2,0 cm up to 35 cm;32,67;M;
02657-254;StoElement Pronto L-100 3,0 cm up to 15 cm;23,80;M;
02657-255;StoElement Pronto L-100 3,0 cm up to 25 cm;30,62;M;
02657-256;StoElement Pronto L-100 3,0 cm up to 35 cm;36,16;M;
02657-257;StoElement Pronto L-101 1,25 cm up to 15 c;19,78;M;
02657-258;StoElement Pronto L-101 1,25 cm up to 25 c;24,09;M;
02657-259;StoElement Pronto L-101 1,25 cm up to 35 c;28,95;M;
02657-260;StoElement Pronto L-101 2,0 cm up to 15 cm;20,50;M;
02657-261;StoElement Pronto L-101 2,0 cm up to 25 cm;25,14;M;
02657-262;StoElement Pronto L-101 2,0 cm up to 35 cm;30,25;M;
02657-263;StoElement Pronto L-101 3,0 cm up to 15 cm;22,05;M;
02657-264;StoElement Pronto L-101 3,0 cm up to 25 cm;28,35;M;
02657-265;StoElement Pronto L-101 3,0 cm up to 35 cm;33,48;M;
02657-266;StoElement Pronto L-300 1,25 cm up to 15 c;31,12;M;
02657-267;StoElement Pronto L-300 1,25 cm up to 25 c;40,89;M;
02657-268;StoElement Pronto L-300 1,25 cm up to 35 c;50,50;M;
02657-269;StoElement Pronto L-300 2 cm up to 15 cm b;32,60;M;
02657-270;StoElement Pronto L-300 2 cm up to 25 cm b;42,44;M;
02657-271;StoElement Pronto L-300 2 cm up to 35 cm b;53,88;M;
02657-272;StoElement Pronto L-300 3 cm up to 15 cm b;33,25;M;
02657-273;StoElement Pronto L-300 3 cm up to 25 cm b;43,47;M;
02657-274;StoElement Pronto L-300 3 cm up to 35 cm b;55,52;M;
02657-168;StoElement Pronto K-100 2,5° up to 10 cm b;30,54;M;1,00 m/m
02657-169;StoElement Pronto K-100 2,5° up to 20 cm b;32,19;M;1,00 m/m
02657-170;StoElement Pronto K-100 2,5° up to 30 cm b;35,37;M;1,00 m/m
02657-171;StoElement Pronto K-100 2,5° up to 40 cm b;40,35;M;1,00 m/m
02657-172;StoElement Pronto K-100 5° up to 10 cm wide;30,54;M;1,00 m/m
02657-173;StoElement Pronto K-100 5° up to 20 cm wide;32,19;M;1,00 m/m
02657-174;StoElement Pronto K-100 5° up to 30 cm wide;35,37;M;1,00 m/m
02657-175;StoElement Pronto K-100 5° up to 40 cm wide;40,35;M;1,00 m/m
02657-237;StoElement Pronto K-300 2,5° up to 10 cm b;32,88;M;
02657-238;StoElement Pronto K-300 2,5° up to 20 cm b;34,48;M;
02657-239;StoElement Pronto K-300 2,5° up to 30 cm b;37,51;M;
02657-240;StoElement Pronto K-300 2,5° up to 40 cm b;42,12;M;
02657-241;StoElement Pronto K-300 5° up to 10 cm wide;38,14;M;
02657-242;StoElement Pronto K-300 5° up to 20 cm wide;39,75;M;
02657-243;StoElement Pronto K-300 5° up to 30 cm wide;42,84;M;
02657-244;StoElement Pronto K-300 5° up to 40 cm wide;55,32;M;
02657-176;StoElement Pronto L-100 1,25 cm up to 10 c;19,12;M;1,00 m/m
02657-177;StoElement Pronto L-100 1,25 cm up to 20 c;25,15;M;1,00 m/m
02657-178;StoElement Pronto L-100 1,25 cm up to 30 c;28,72;M;1,00 m/m
02657-179;StoElement Pronto L-100 1,25 cm up to 40 c;35,99;M;1,00 m/m
02657-180;StoElement Pronto L-100 1,25 cm up to 50 c;39,76;M;1,00 m/m
02657-181;StoElement Pronto L-100 2 cm up to 10 cm b;20,02;M;1,00 m/m
02657-182;StoElement Pronto L-100 2 cm up to 20 cm b;25,72;M;1,00 m/m
02657-183;StoElement Pronto L-100 2 cm up to 30 cm b;30,38;M;1,00 m/m
02657-184;StoElement Pronto L-100 2 cm up to 40 cm b;36,29;M;1,00 m/m
02657-185;StoElement Pronto L-100 2 cm up to 50 cm b;42,68;M;1,00 m/m
02657-186;StoElement Pronto L-100 3 cm up to 10 cm b;20,58;M;1,00 m/m
02657-187;StoElement Pronto L-100 3 cm up to 20 cm b;28,55;M;1,00 m/m
02657-188;StoElement Pronto L-100 3 cm up to 30 cm b;34,57;M;1,00 m/m
02657-189;StoElement Pronto L-100 3 cm up to 40 cm b;39,98;M;1,00 m/m
02657-190;StoElement Pronto L-100 3 cm up to 50 cm b;47,25;M;1,00 m/m
02657-222;StoElement Pronto L-300 1,25 cm up to 10 c;27,95;M;
02657-223;StoElement Pronto L-300 1,25 cm up to 20 c;37,87;M;
02657-224;StoElement Pronto L-300 1,25 cm up to 30 c;47,76;M;
02657-225;StoElement Pronto L-300 1,25 cm up to 40 c;57,65;M;
02657-226;StoElement Pronto L-300 1,25 cm up to 50 c;67,56;M;
02657-227;StoElement Pronto L-300 2 cm up to 10 cm b;28,95;M;
02657-228;StoElement Pronto L-300 2 cm up to 20 cm b;39,09;M;
02657-229;StoElement Pronto L-300 2 cm up to 30 cm b;50,72;M;
02657-230;StoElement Pronto L-300 2 cm up to 40 cm b;61,64;M;
02657-231;StoElement Pronto L-300 2 cm up to 50 cm b;69,76;M;
02657-232;StoElement Pronto L-300 3 cm up to 10 cm b;29,42;M;
02657-233;StoElement Pronto L-300 3 cm up to 20 cm b;39,94;M;
02657-234;StoElement Pronto L-300 3 cm up to 30 cm b;52,18;M;
02657-235;StoElement Pronto L-300 3 cm up to 40 cm b;63,54;M;
02657-236;StoElement Pronto L-300 3 cm up to 50 cm b;71,84;M;
02657-307;StoElement Pronto L surcharge for bevels;2,07;VE;
02657-306;StoElement Pronto L surcharge for zweites;7,87;M;
02657-245;StoElement Pronto KX-100;25,19;M;1,00 m/m
02657-246;StoElement Pronto KX-300;43,13;M;1,00 m/m
01953-024;StoElement JAK-A 140_100;321,18;M;
01953-024;StoElement JAK-A 160_100;334,30;M;
01953-024;StoElement JAK-A 160_120;325,95;M;
01953-024;StoElement JAK-A 180_120;338,27;M;
01953-024;StoElement JAK-A 180_140;337,08;M;
01953-024;StoElement JAK-A 200_120;341,85;M;
01953-024;StoElement JAK-A 200_140;339,07;M;
01953-024;StoElement JAK-A 220_120;351,39;M;
01953-024;StoElement JAK-A 220_140;346,62;M;
01953-024;StoElement JAK-A 240_120;359,34;M;
01953-024;StoElement JAK-A 240_140;355,37;M;
01953-024;StoElement JAK-A 260_120;368,88;M;
01953-024;StoElement JAK-A 260_140;364,91;M;
01953-024;StoElement JAK-A 280_120;384,78;M;
01953-024;StoElement JAK-A 280_140;377,63;M;
01953-024;StoElement JAK-A 300_120;399,09;M;
01953-024;StoElement JAK-A 300_140;389,55;M;
01946-006;StoElement Lintel C-10;107,72;M;1,00 m/m
01946-006;StoElement Lintel C-10;110,11;M;1,00 m/m
01946-006;StoElement Lintel C-10;112,49;M;1,00 m/m
01946-006;StoElement Lintel C-10;122,43;M;1,00 m/m
01946-006;StoElement Lintel C-10;124,82;M;1,00 m/m
01946-006;StoElement Lintel C-10;132,37;M;1,00 m/m
01946-006;StoElement Lintel C-10;139,92;M;1,00 m/m
01946-006;StoElement Lintel C-10;147,47;M;1,00 m/m
01946-006;StoElement Lintel C-10;155,03;M;1,00 m/m
01946-006;StoElement Lintel C-10;162,58;M;1,00 m/m
01946-006;StoElement Lintel C-10;170,13;M;1,00 m/m
02657-191;StoElement Pronto S-100 1,25 cm up to 10 c;19,07;M;1,00 m/m
02657-287;StoElement Pronto S-100 1,25 cm up to 15 c;21,31;M;1,00 m/m
02657-192;StoElement Pronto S-100 1,25 cm up to 20 c;25,11;M;1,00 m/m
02657-288;StoElement Pronto S-100 1,25 cm up to 25 c;25,97;M;1,00 m/m
02657-193;StoElement Pronto S-100 1,25 cm up to 30 c;28,67;M;1,00 m/m
02657-289;StoElement Pronto S-100 1,25 cm up to 35 c;31,21;M;1,00 m/m
02657-194;StoElement Pronto S-100 1,25 cm up to 40 c;35,95;M;1,00 m/m
02657-195;StoElement Pronto S-100 1,25 cm up to 50 c;38,33;M;1,00 m/m
02657-196;StoElement Pronto S-100 2 cm up to 10 cm b;19,97;M;1,00 m/m
02657-197;StoElement Pronto S-100 2 cm up to 20 cm b;25,67;M;1,00 m/m
02657-198;StoElement Pronto S-100 2 cm up to 30 cm b;30,33;M;1,00 m/m
02657-199;StoElement Pronto S-100 2 cm up to 40 cm b;36,24;M;1,00 m/m
02657-200;StoElement Pronto S-100 2 cm up to 50 cm b;42,62;M;1,00 m/m
02657-290;StoElement Pronto S-100 2,0 cm up to 15 cm;22,08;M;1,00 m/m
02657-291;StoElement Pronto S-100 2,0 cm up to 25 cm;27,10;M;1,00 m/m
02657-292;StoElement Pronto S-100 2,0 cm up to 35 cm;32,61;M;1,00 m/m
02657-201;StoElement Pronto S-100 3 cm up to 10 cm b;20,53;M;1,00 m/m
02657-202;StoElement Pronto S-100 3 cm up to 20 cm b;28,51;M;1,00 m/m
02657-203;StoElement Pronto S-100 3 cm up to 30 cm b;34,53;M;1,00 m/m
02657-204;StoElement Pronto S-100 3 cm up to 40 cm b;39,94;M;1,00 m/m
02657-205;StoElement Pronto S-100 3 cm up to 50 cm b;45,57;M;1,00 m/m
02657-293;StoElement Pronto S-100 3,0 cm up to 15 cm;23,75;M;1,00 m/m
02657-294;StoElement Pronto S-100 3,0 cm up to 25 cm;30,58;M;1,00 m/m
02657-295;StoElement Pronto S-100 3,0 cm up to 35 cm;36,11;M;1,00 m/m
02657-207;StoElement Pronto S-300 1,25 cm up to 10 c;27,04;M;
02657-296;StoElement Pronto S-300 1,25 cm up to 15 c;30,11;M;
02657-208;StoElement Pronto S-300 1,25 cm up to 20 c;37,81;M;
02657-297;StoElement Pronto S-300 1,25 cm up to 25 c;40,83;M;
02657-209;StoElement Pronto S-300 1,25 cm up to 30 c;47,70;M;
02657-298;StoElement Pronto S-300 1,25 cm up to 35 c;50,43;M;
02657-210;StoElement Pronto S-300 1,25 cm up to 40 c;57,59;M;
02657-211;StoElement Pronto S-300 1,25 cm up to 50 c;65,03;M;
02657-212;StoElement Pronto S-300 2,0 cm up to 10 cm;28,90;M;
02657-299;StoElement Pronto S-300 2,0 cm up to 15 cm;32,55;M;
02657-213;StoElement Pronto S-300 2,0 cm up to 20 cm;39,03;M;
02657-300;StoElement Pronto S-300 2,0 cm up to 25 cm;42,37;M;
02657-214;StoElement Pronto S-300 2,0 cm up to 30 cm;50,66;M;
02657-301;StoElement Pronto S-300 2,0 cm up to 35 cm;53,81;M;
02657-215;StoElement Pronto S-300 2,0 cm up to 40 cm;61,58;M;
02657-216;StoElement Pronto S-300 2,0 cm up to 50 cm;69,71;M;
02657-217;StoElement Pronto S-300 3,0 cm up to 10 cm;28,41;M;
02657-302;StoElement Pronto S-300 3,0 cm up to 15 cm;32,09;M;
02657-218;StoElement Pronto S-300 3,0 cm up to 20 cm;39,88;M;
02657-303;StoElement Pronto S-300 3,0 cm up to 25 cm;43,40;M;
02657-219;StoElement Pronto S-300 3,0 cm up to 30 cm;52,12;M;
02657-304;StoElement Pronto S-300 3,0 cm up to 35 cm;55,46;M;
02657-220;StoElement Pronto S-300 3,0 cm up to 40 cm;63,50;M;
02657-221;StoElement Pronto S-300 3,0 cm up to 50 cm;71,77;M;
01898-008;StoElement Fauna FM-F 20;83,48;ST;
01898-005;StoElement Fauna FM-I 10;166,55;ST;
01898-006;StoElement Fauna MS-F 20;83,48;ST;
01898-003;StoElement Fauna MS-I 10;92,22;ST;
01898-004;StoElement Fauna MS-I 11;114,08;ST;
01898-007;StoElement Fauna SP-F 20;83,48;ST;
01898-009;StoElement Fauna SW-F 20;47,66;ST;
07083-018;Sto-Thermisches Trennband 45 mm x 1 mm x;0,52;M;
07083-019;Sto-Thermisches Trennband 75 mm x 1 mm x;0,89;M;
07083-017;Sto-Thermisches Trennband 90 mm x 1 mm x;1,67;M;
09588-001;Sto-joint filler VHF white 290 ml Kartusch;9,11;ST;
07048-003;StoColl G black;19,25;KG;
07048-002;StoColl G black 600 ml;16,96;ST;
07056-001;Fassadenbohrschraube 4,8x35 stainless steel;0,65;ST;
07056-007;Sto-Fassadenbohrschraube 5,5x24 mm Edels;0,29;ST;13 - 29 St./m² for Unterkonstruktion aus Aluminium je nach Windlastbereich
07046-001;Sto-Fassadenschraube 5,0x42 mm stainless steel;0,17;ST;13 - 21 St./m² for Unterkonstruktion aus Holz je nach Windlastbereich
07034-016;StoProfile Air G12 64cm²/m 250cm;3,20;M;1,00 m/m
07035-007;StoProfile Edge G12 250cm white;3,17;M;1,00 m/m
07035-011;StoProfile Edge GF12 250cm;3,12;M;1,00 m/m
07035-018;StoProfile Edge GL12 250cm;2,54;M;
07035-012;StoProfile Edge GT12 250cm;4,37;M;1,00 m/m
07035-016;StoProfile Edge GTR12 3mm 250cm;2,32;M;1,00 m/m
07035-017;StoProfile Edge GTR12 6mm 250cm;2,32;M;1,00 m/m
07086-007;Sto-ventilation profile Alu 30/40 250 cm;7,43;M;1,00 m/m
07086-008;Sto-ventilation profile Alu 40/100 250 cm;11,61;M;1,00 m/m
07034-015;StoProfile Drip G12 250cm;4,30;M;1,00 m/m
07008-010;StoCarrier Aero 12mm 1200x800mm;25,88;ST;1,04 St./m²
07002-010;StoCarrier Aero 12mm 2400x1200mm;87,38;ST;0,35 St./m²
07002-018;StoCarrier Aero 12mm 2600x1250mm;104,63;ST;0,31 St./m²
07008-015;StoCarrier Aero 12mm 3200x1200mm;141,00;ST;0,26 St./m²
03954-023;StoCarrier Hydro 12mm 1200x800mm;57,44;ST;
03954-024;StoCarrier Hydro 12mm 2400x1200mm;171,50;ST;
07089-010;StoDeco screw anchor LZ 10 120 mm;1,96;ST;
07089-011;StoDeco screw anchor LZ 10 140 mm;2,12;ST;
07089-012;StoDeco screw anchor LZ 10 160 mm;2,31;ST;
07089-013;StoDeco screw anchor LZ 10 180 mm;2,53;ST;
07089-014;StoDeco screw anchor LZ 10 200 mm;3,91;ST;
07089-015;StoDeco screw anchor LZ 10 220 mm;4,02;ST;
07089-016;StoDeco screw anchor LZ 10 240 mm;4,13;ST;
07089-017;StoDeco screw anchor LZ 10 260 mm;4,58;ST;
07089-018;StoDeco screw anchor LZ 10 280 mm;4,79;ST;
07089-019;StoDeco screw anchor LZ 10 300 mm;5,37;ST;
08979-002;StoDeco screw anchor LZ 14 360 mm;9,28;ST;2 pc/pc
01147-001;StoReno anchor combination washer 90 Durchmesser;0,48;ST;1,00 pc/pc
09376-003;StoDeco washer LZ 10;0,63;ST;1,00 pc/pc
09376-004;StoDeco washer LZ 14;0,71;ST;1,00 pc/pc
01870-001;StoReno joint sealing tape 10/4;1,01;M;1,00 m/m
00899-098;StoColl FM-E beige white;2,70;KG;6,00 - 8,00 kg/m² for hand-molded brick slips and natural stone coverings depending on thickness
00899-095;StoColl FM-E Dunkelgrau;2,29;KG;6,00 - 8,00 kg/m² for hand-molded brick slips and natural stone coverings depending on thickness
00899-094;StoColl FM-E Grau;2,29;KG;6,00 - 8,00 kg/m² for hand-molded brick slips and natural stone coverings depending on thickness
00899-097;StoColl FM-E grey white;2,70;KG;6,00 - 8,00 kg/m² for hand-molded brick slips and natural stone coverings depending on thickness
00899-099;StoColl FM-E natural white;2,70;KG;6,00 - 8,00 kg/m² for hand-molded brick slips and natural stone coverings depending on thickness
00899-096;StoColl FM-E Silbergrau;2,29;KG;6,00 - 8,00 kg/m² for hand-molded brick slips and natural stone coverings depending on thickness
00899-090;StoColl FM-K beige white;1,29;KG;5,00 - 6,00 kg/m² NF 71 x 240 x 14
00899-088;StoColl FM-K Dunkelgrau;1,06;KG;5,00 - 6,00 kg/m² NF 71 x 240 x 14
00899-089;StoColl FM-K grey white;1,29;KG;5,00 - 6,00 kg/m² NF 71 x 240 x 14
00899-073;StoColl FM-K N00 35 00 Anthrazit;1,46;KG;5,00 - 6,00 kg/m² NF 71 x 240 x 14
00899-074;StoColl FM-K N00 40 00;1,46;KG;5,00 - 6,00 kg/m² NF 71 x 240 x 14
00899-075;StoColl FM-K N00 60 00;1,70;KG;5,00 - 6,00 kg/m² NF 71 x 240 x 14
00899-076;StoColl FM-K N00 70 00;1,70;KG;5,00 - 6,00 kg/m² NF 71 x 240 x 14
00899-077;StoColl FM-K N00 85 00;2,51;KG;5,00 - 6,00 kg/m² NF 71 x 240 x 14
00899-091;StoColl FM-K natural white;1,29;KG;5,00 - 6,00 kg/m² NF 71 x 240 x 14
00899-086;StoColl FM-K R17 35 15;2,93;KG;5,00 - 6,00 kg/m² NF 71 x 240 x 14
00899-087;StoColl FM-K R17 38 38;2,93;KG;5,00 - 6,00 kg/m² NF 71 x 240 x 14
00899-078;StoColl FM-K Y08 50 03;1,46;KG;5,00 - 6,00 kg/m² NF 71 x 240 x 14
00899-079;StoColl FM-K Y08 60 03;2,51;KG;5,00 - 6,00 kg/m² NF 71 x 240 x 14
00899-081;StoColl FM-K Y08 60 10 Grau;1,06;KG;5,00 - 6,00 kg/m² NF 71 x 240 x 14
00899-082;StoColl FM-K Y08 70 05 Silbergrau;1,29;KG;5,00 - 6,00 kg/m² NF 71 x 240 x 14
00899-080;StoColl FM-K Y08 80 03;1,46;KG;5,00 - 6,00 kg/m² NF 71 x 240 x 14
00899-084;StoColl FM-K Y09 70 10;1,70;KG;5,00 - 6,00 kg/m² NF 71 x 240 x 14
00899-085;StoColl FM-K Y09 80 20;1,70;KG;5,00 - 6,00 kg/m² NF 71 x 240 x 14
00899-083;StoColl FM-K Y10 60 10;1,70;KG;5,00 - 6,00 kg/m² NF 71 x 240 x 14
00899-092;StoColl FM-K Ziegelrot dunkel;2,51;KG;5,00 - 6,00 kg/m² NF 71 x 240 x 14
00899-119;StoColl FM-S Anthrazit;2,19;KG;3,00 - 5,00 kg/m² for smooth split clinker slips and ceramic coverings
00899-118;StoColl FM-S Dunkelgrau;2,19;KG;3,00 - 5,00 kg/m² for smooth split clinker slips and ceramic coverings
00899-117;StoColl FM-S Grau;2,19;KG;3,00 - 5,00 kg/m² for smooth split clinker slips and ceramic coverings
00899-115;StoColl FM-S Manhattan;2,19;KG;3,00 - 5,00 kg/m² for smooth split clinker slips and ceramic coverings
00899-116;StoColl FM-S Sandgrau;2,19;KG;3,00 - 5,00 kg/m² for smooth split clinker slips and ceramic coverings
00899-114;StoColl FM-S Silbergrau;2,19;KG;3,00 - 5,00 kg/m² for smooth split clinker slips and ceramic coverings
01817-057;OTTO Cleaner T;23,85;ST;
01817-058;OTTO Primer 1216;75,75;ST;
01817-011;OTTOSEAL S70 C00 Transparent;9,82;ST;
01817-011;OTTOSEAL S70 C00 Transparent;7,95;ST;
01817-012;OTTOSEAL S70 C01 white;9,82;ST;
01817-012;OTTOSEAL S70 C01 white;7,95;ST;
01817-013;OTTOSEAL S70 C04 Schwarz;9,82;ST;
01817-013;OTTOSEAL S70 C04 Schwarz;7,95;ST;
01817-016;OTTOSEAL S70 C10 Bahamabeige;9,82;ST;
01817-016;OTTOSEAL S70 C10 Bahamabeige;7,95;ST;
01817-023;OTTOSEAL S70 C1282 matte-Manhattan;9,82;ST;
01817-023;OTTOSEAL S70 C1282 matte-Manhattan;7,95;ST;
01817-024;OTTOSEAL S70 C1300 matte-Anthrazit;9,82;ST;
01817-024;OTTOSEAL S70 C1300 matte-Anthrazit;7,95;ST;
01817-025;OTTOSEAL S70 C137 Anthrazitgrau;9,82;ST;
01817-025;OTTOSEAL S70 C137 Anthrazitgrau;7,95;ST;
01817-028;OTTOSEAL S70 C18 sanitary grey;9,82;ST;
01817-028;OTTOSEAL S70 C18 sanitary grey;7,95;ST;
01817-037;OTTOSEAL S70 C43 Manhattan;9,82;ST;
01817-037;OTTOSEAL S70 C43 Manhattan;7,95;ST;
01817-042;OTTOSEAL S70 C56 Betongrau;9,82;ST;
01817-042;OTTOSEAL S70 C56 Betongrau;7,95;ST;
01817-043;OTTOSEAL S70 C6111 matte-sanitary grey;9,82;ST;
01817-043;OTTOSEAL S70 C6111 matte-sanitary grey;7,95;ST;
01817-044;OTTOSEAL S70 C6112 matte-white;9,82;ST;
01817-044;OTTOSEAL S70 C6112 matte-white;7,95;ST;
01817-045;OTTOSEAL S70 C6113 matte-Betongrau;9,82;ST;
01817-045;OTTOSEAL S70 C6113 matte-Betongrau;7,95;ST;
01817-046;OTTOSEAL S70 C6114 matte-Schwarz;9,82;ST;
01817-046;OTTOSEAL S70 C6114 matte-Schwarz;7,95;ST;
01817-047;OTTOSEAL S70 C6115 matte-Bahamabeige;9,82;ST;
01817-047;OTTOSEAL S70 C6115 matte-Bahamabeige;7,95;ST;
01817-048;OTTOSEAL S70 C6116 matte-Anthrazitgrau;9,82;ST;
01817-048;OTTOSEAL S70 C6116 matte-Anthrazitgrau;7,95;ST;
01817-049;OTTOSEAL S70 C6117 matte-Jasmin;9,82;ST;
01817-049;OTTOSEAL S70 C6117 matte-Jasmin;7,95;ST;
01817-050;OTTOSEAL S70 C67 Anthrazit;9,82;ST;
01817-050;OTTOSEAL S70 C67 Anthrazit;7,95;ST;
01817-007;OTTOSEAL S70 K-Anthrazit;61,92;ST;
01817-007;OTTOSEAL S70 K-Anthrazit;61,85;ST;
01817-007;OTTOSEAL S70 K-Anthrazit;19,24;ST;
01817-007;OTTOSEAL S70 K-Anthrazit;12,56;ST;
01817-006;OTTOSEAL S70 K-Dunkelgrau;61,92;ST;
01817-006;OTTOSEAL S70 K-Dunkelgrau;61,85;ST;
01817-006;OTTOSEAL S70 K-Dunkelgrau;19,24;ST;
01817-006;OTTOSEAL S70 K-Dunkelgrau;12,56;ST;
01817-004;OTTOSEAL S70 K-Grau;61,92;ST;
01817-004;OTTOSEAL S70 K-Grau;61,85;ST;
01817-004;OTTOSEAL S70 K-Grau;19,24;ST;
01817-004;OTTOSEAL S70 K-Grau;12,56;ST;
01817-005;OTTOSEAL S70 K-grey white;61,92;ST;
01817-005;OTTOSEAL S70 K-grey white;61,85;ST;
01817-005;OTTOSEAL S70 K-grey white;19,24;ST;
01817-005;OTTOSEAL S70 K-grey white;12,56;ST;
01817-010;OTTOSEAL S70 S-Anthrazit;61,92;ST;
01817-010;OTTOSEAL S70 S-Anthrazit;61,85;ST;
01817-010;OTTOSEAL S70 S-Anthrazit;19,24;ST;
01817-010;OTTOSEAL S70 S-Anthrazit;12,56;ST;
01817-009;OTTOSEAL S70 S-Dunkelgrau;61,92;ST;
01817-009;OTTOSEAL S70 S-Dunkelgrau;61,85;ST;
01817-009;OTTOSEAL S70 S-Dunkelgrau;19,24;ST;
01817-009;OTTOSEAL S70 S-Dunkelgrau;12,56;ST;
01817-008;OTTOSEAL S70 S-Grau;61,92;ST;
01817-008;OTTOSEAL S70 S-Grau;61,85;ST;
01817-008;OTTOSEAL S70 S-Grau;19,24;ST;
01817-008;OTTOSEAL S70 S-Grau;12,56;ST;
01817-003;OTTOSEAL S70 special color shades minimum purchase;9,82;ST;
01817-003;OTTOSEAL S70 special color shades minimum purchase;7,95;ST;
04312-014;Sto-Vorlegeband Keramik 10 x 2 mm schwar;0,40;M;1,00 m/m
04312-013;Sto-Vorlegeband Keramik 12 x 2 mm schwar;0,41;M;1,00 m/m
04312-012;Sto-Vorlegeband Keramik 6 x 2 mm black;0,26;M;1,00 m/m
00846-001;StoColl KM Grau;0,97;KG;3,50 - 4,50 kg/m² bonding
00846-009;StoColl KM white;0,97;KG;3,50 - 4,50 kg/m² bonding
00709-007;StoDeco Coll white;2,43;KG;5,20 - 7,20 kg/m² depending on the notched trowel used for processing
00760-001;Sto-Adhesive and joint mortar;2,76;KG;2,50 - 3,00 kg/m² as Klebemasse for Flachverblender
01879-003;StoProfile Edge G8 250cm;3,00;M;1,00 m/m
04311-006;Sto-transition profile Keramik P;4,28;M;1,0 m/m
00174-003;StoCarrier Aero 10mm 1200x800mm;23,68;ST;1,04 St./m²
00174-004;StoCarrier Aero 10mm 2400x1200mm;71,02;ST;0,35 St./m²
00174-005;StoCarrier Aero 20mm 1200x800mm;40,45;ST;1,04 St./m²
00174-006;StoCarrier Aero 20mm 2400x1200mm;117,61;ST;
00174-001;StoCarrier Aero 8mm 1200x800mm;21,58;ST;1,04 St./m²
00174-002;StoCarrier Aero 8mm 2400x1200mm;64,74;ST;0,35 St./m²
03259-001;StoCarrier Reno 8mm 1200x800mm;39,00;ST;
03954-026;StoCarrier Hydro 15mm 1200x800mm;61,58;ST;
03954-027;StoCarrier Hydro 15mm 2400x1200mm;184,50;ST;
00889-001;StoPrim Fungal;4,61;L;0,30 l/m² 1-fach at saugendem substrate, mindestens
00889-005;StoPrim Fungal;3,97;L;0,30 l/m² 1-fach at saugendem substrate, mindestens
03299-005;StoEffect Vetro;13,63;KG;0,1 kg/m² leichte Belegung
00515-001;StoSilco HC;35,71;KG;0,20 kg/m² per coat
17072-036;StoClean Allstar Konzentrat 1 l;22,86;L;0,1 - 0,2 l/m² depending on the substrate
17072-034;StoClean Allstar Konzentrat 5 L;21,50;L;0,1 - 0,2 l/m² depending on the substrate
17072-035;StoClean Allstar spray bottle (empty container;5,39;ST;0,1 - 0,2 l/m² depending on the substrate
14346-007;StoAdditiv QS 450 ml;17,75;ST;
14346-008;StoAdditiv WE 500 ml;9,37;ST;
00207-050;StoColor Sil tinted;7,81;L;0,15 - 0,20 l/m² per coat
00207-053;StoColor Sil tinted;8,61;L;0,15 - 0,20 l/m² per coat
00207-054;StoColor Sil tinted;7,81;L;0,15 - 0,20 l/m² per coat
00207-072;StoColor Sil tinted;10,59;L;0,15 - 0,20 l/m² per coat
00207-010;StoColor Sil white;6,95;L;0,15 - 0,20 l/m² per coat
00207-014;StoColor Sil white;6,95;L;0,15 - 0,20 l/m² per coat
00207-040;StoColor Sil white;7,77;L;0,15 - 0,20 l/m² per coat
00207-071;StoColor Sil white;11,29;L;0,15 - 0,20 l/m² per coat
00248-001;StoColor Sil Lasura;7,34;L;0,13 l/m² per coat
09549-001;StoColor Solical tinted;10,41;L;0,15 - 0,20 l/m² per coat
09549-003;StoColor Solical tinted;11,12;L;0,15 - 0,20 l/m² per coat
09549-009;StoColor Solical tinted with X-black Tech;14,36;L;0,15 - 0,20 l/m² per coat
09549-010;StoColor Solical tinted with X-black Tech;13,65;L;0,15 - 0,20 l/m² per coat
09549-002;StoColor Solical white;9,56;L;0,15 - 0,20 l/m² per coat
09549-004;StoColor Solical white;10,26;L;0,15 - 0,20 l/m² per coat
00058-001;StoColor Solical Fill tinted;5,45;KG;0,30 - 0,35 kg/m² per coat
00058-002;StoColor Solical Fill white;4,95;KG;0,30 - 0,35 kg/m² per coat
03206-063;Lotusan tinted;12,30;L;0,18 - 0,20 l/m² per coat
03206-066;Lotusan tinted;12,89;L;0,18 - 0,20 l/m² per coat
03206-104;Lotusan tinted with X-black Technology;22,57;L;0,18 - 0,20 l/m² per coat
03206-106;Lotusan tinted with X-black Technology;21,48;L;0,18 - 0,20 l/m² per coat
03206-064;Lotusan white;11,13;L;0,18 - 0,20 l/m² per coat
03206-067;Lotusan white;12,02;L;0,18 - 0,20 l/m² per coat
03206-068;Lotusan G tinted;12,95;L;0,18 - 0,20 l/m² per coat
03206-072;Lotusan G tinted;13,85;L;0,18 - 0,20 l/m² per coat
03206-069;Lotusan G white;12,06;L;0,18 - 0,20 l/m² per coat
03206-073;Lotusan G white;12,95;L;0,18 - 0,20 l/m² per coat
09624-001;StoColor Lotusan AimS tinted;19,00;L;0,17 - 0,20 l/m² per coat
09624-003;StoColor Lotusan AimS tinted;17,91;L;0,17 - 0,20 l/m² per coat
09624-002;StoColor Lotusan AimS white;17,69;L;0,17 - 0,20 l/m² per coat
09624-004;StoColor Lotusan AimS white;16,59;L;0,17 - 0,20 l/m² per coat
02939-002;StoColor Photosan tinted;19,26;L;0,15 - 0,18 l/m² per coat
02939-001;StoColor Photosan white;17,95;L;0,15 - 0,18 l/m² per coat
00217-079;StoColor Silco tinted;9,26;L;0,18 - 0,20 l/m² per coat
00217-080;StoColor Silco tinted;11,20;L;0,18 - 0,20 l/m² per coat
00217-081;StoColor Silco tinted;13,69;L;0,18 - 0,20 l/m² per coat
00217-082;StoColor Silco white;8,52;L;0,18 - 0,20 l/m² per coat
00217-085;StoColor Silco white;9,45;L;0,18 - 0,20 l/m² per coat
00217-086;StoColor Silco white;12,86;L;0,18 - 0,20 l/m² per coat
01358-003;StoColor Silco Elast tinted;12,34;L;0,30 - 0,50 l/m² per coat
01358-001;StoColor Silco Elast white;11,49;L;0,30 - 0,50 l/m² per coat
00239-013;StoColor Silco Fill tinted;7,60;KG;0,35 - 0,40 kg/m² per coat
00239-002;StoColor Silco Fill white;7,10;KG;0,35 - 0,40 kg/m² per coat
00269-060;StoColor Silco G tinted;9,83;L;0,18 - 0,20 l/m² per coat
00269-064;StoColor Silco G tinted;9,83;L;0,18 - 0,20 l/m² per coat
00269-066;StoColor Silco G tinted;10,99;L;0,18 - 0,20 l/m² per coat
00269-093;StoColor Silco G tinted;14,93;L;0,18 - 0,20 l/m² per coat
00269-061;StoColor Silco G white;9,47;L;0,18 - 0,20 l/m² per coat
00269-065;StoColor Silco G white;9,47;L;0,18 - 0,20 l/m² per coat
00269-067;StoColor Silco G white;10,22;L;0,18 - 0,20 l/m² per coat
00269-094;StoColor Silco G white;14,07;L;0,18 - 0,20 l/m² per coat
02235-056;StoColor Silco Variant G tinted;8,96;L;0,17 - 0,20 l/m² per coat
02235-057;StoColor Silco Variant G white;8,11;L;0,17 - 0,20 l/m² per coat
08969-001;StoColor Badigeon tinted;7,22;L;0,20 - 0,40 l/m² per coat
08969-002;StoColor Badigeon white;6,36;L;0,20 - 0,40 l/m² per coat
15210-024;StoColor X-Black S Basis B;16,30;L;
15210-025;StoColor X-Black S Basis B;17,02;L;
00267-052;StoColor Crylan tinted;8,38;L;0,15 - 0,18 l/m² per coat
00267-053;StoColor Crylan tinted;8,38;L;0,15 - 0,18 l/m² per coat
00267-054;StoColor Crylan tinted;9,09;L;0,15 - 0,18 l/m² per coat
00267-001;StoColor Crylan white;7,55;L;0,15 - 0,18 l/m² per coat
00267-002;StoColor Crylan white;7,55;L;0,15 - 0,18 l/m² per coat
00267-010;StoColor Crylan white;8,24;L;0,15 - 0,18 l/m² per coat
09548-001;StoColor Dryonic tinted;16,64;L;0,12 - 0,15 l/m² per coat
09548-003;StoColor Dryonic tinted;17,80;L;0,12 - 0,15 l/m² per coat
09548-088;StoColor Dryonic tinted;24,18;L;0,12 - 0,15 l/m² per coat
09548-043;StoColor Dryonic tinted with X-black Tech;20,87;L;0,12 - 0,15 l/m² per coat
09548-044;StoColor Dryonic tinted with X-black Tech;19,62;L;0,12 - 0,15 l/m² per coat
09548-002;StoColor Dryonic white;15,45;L;0,12 - 0,15 l/m² per coat
09548-004;StoColor Dryonic white;16,61;L;0,12 - 0,15 l/m² per coat
09548-089;StoColor Dryonic white;22,86;L;0,12 - 0,15 l/m² per coat
09548-100;StoColor Dryonic M FT 37800M;17,36;L;0,10 - 0,12 l/m² per coat, deckend
09548-101;StoColor Dryonic M FT 37820M;17,36;L;0,10 - 0,12 l/m² per coat, deckend
09548-062;StoColor Dryonic M tinted;21,23;L;0,10 - 0,12 l/m² per coat, deckend
09548-067;StoColor Dryonic M tinted;22,32;L;0,10 - 0,12 l/m² per coat, deckend
09548-090;StoColor Dryonic M tinted;17,36;L;0,10 - 0,12 l/m² per coat, deckend
09548-015;StoColor Dryonic S tinted;18,70;L;0,12 - 0,15 l/m² per coat
09548-017;StoColor Dryonic S tinted;19,69;L;0,12 - 0,15 l/m² per coat
09548-061;StoColor Dryonic S tinted;26,29;L;0,12 - 0,15 l/m² per coat
09548-045;StoColor Dryonic S tinted with X-black Te;21,97;L;0,12 - 0,15 l/m² per coat
09548-046;StoColor Dryonic S tinted with X-black Te;20,75;L;0,12 - 0,15 l/m² per coat
09548-023;StoColor Dryonic Wood tinted;19,78;L;0,12 - 0,15 l/m² per coat
09548-033;StoColor Dryonic Wood tinted;27,48;L;0,12 - 0,15 l/m² per coat
09548-034;StoColor Dryonic Wood tinted;20,76;L;0,12 - 0,15 l/m² per coat
09548-086;StoColor Dryonic Wood tinted;19,78;L;0,12 - 0,15 l/m² per coat
09548-024;StoColor Dryonic Wood white;18,42;L;0,12 - 0,15 l/m² per coat
09548-035;StoColor Dryonic Wood white;26,16;L;0,12 - 0,15 l/m² per coat
09548-036;StoColor Dryonic Wood white;19,36;L;0,12 - 0,15 l/m² per coat
09548-087;StoColor Dryonic Wood white;18,42;L;0,12 - 0,15 l/m² per coat
00274-007;StoColor Fibrasil tinted;9,92;L;0,20 - 0,30 l/m² per coat
00274-020;StoColor Fibrasil tinted;9,92;L;0,20 - 0,30 l/m² per coat
00274-029;StoColor Fibrasil tinted;13,47;L;0,20 - 0,30 l/m² per coat
00274-001;StoColor Fibrasil white;9,06;L;0,20 - 0,30 l/m² per coat
00274-019;StoColor Fibrasil white;9,06;L;0,20 - 0,30 l/m² per coat
00274-030;StoColor Fibrasil white;12,62;L;0,20 - 0,30 l/m² per coat
00278-006;StoColor Jumbosil tinted;6,82;L;0,17 - 0,22 l/m² per coat
00278-036;StoColor Jumbosil tinted;6,82;L;0,17 - 0,22 l/m² per coat
00278-067;StoColor Jumbosil tinted;7,43;L;0,17 - 0,22 l/m² per coat
00278-073;StoColor Jumbosil tinted;9,74;L;0,17 - 0,22 l/m² per coat
00278-001;StoColor Jumbosil white;5,87;L;0,17 - 0,22 l/m² per coat
00278-002;StoColor Jumbosil white;8,93;L;0,17 - 0,22 l/m² per coat
00278-003;StoColor Jumbosil white;6,98;L;0,17 - 0,22 l/m² per coat
00278-004;StoColor Jumbosil white;5,87;L;0,17 - 0,22 l/m² per coat
00278-162;StoColor Jumbosil G tinted;7,35;L;0,17 - 0,22 l/m² per coat
00278-166;StoColor Jumbosil G tinted;10,91;L;0,17 - 0,22 l/m² per coat
00278-168;StoColor Jumbosil G tinted;8,06;L;0,17 - 0,22 l/m² per coat
00278-170;StoColor Jumbosil G tinted;7,35;L;0,17 - 0,22 l/m² per coat
00278-163;StoColor Jumbosil G white;6,49;L;0,17 - 0,22 l/m² per coat
00278-167;StoColor Jumbosil G white;10,05;L;0,17 - 0,22 l/m² per coat
00278-169;StoColor Jumbosil G white;7,20;L;0,17 - 0,22 l/m² per coat
00278-171;StoColor Jumbosil G white;6,49;L;0,17 - 0,22 l/m² per coat
00488-010;StoColor Lastic tinted;11,44;L;0,40 l/m² per coat
00488-004;StoColor Lastic white;10,58;L;0,40 l/m² per coat
00201-044;StoColor Maxicryl tinted;8,84;L;0,15 - 0,18 l/m² per coat
00201-057;StoColor Maxicryl tinted;10,34;L;0,15 - 0,18 l/m² per coat
00201-058;StoColor Maxicryl tinted;8,84;L;0,15 - 0,18 l/m² per coat
00201-086;StoColor Maxicryl tinted;13,55;L;0,15 - 0,18 l/m² per coat
00201-009;StoColor Maxicryl white;9,51;L;0,15 - 0,18 l/m² per coat
00201-013;StoColor Maxicryl white;8,96;L;0,15 - 0,18 l/m² per coat
00201-014;StoColor Maxicryl white;8,96;L;0,15 - 0,18 l/m² per coat
00201-087;StoColor Maxicryl white;12,69;L;0,15 - 0,18 l/m² per coat
00201-100;StoColor Maxicryl G tinted;10,73;L;0,15 - 0,18 l/m² per coat
00201-102;StoColor Maxicryl G tinted;14,29;L;0,15 - 0,18 l/m² per coat
00201-104;StoColor Maxicryl G tinted;11,45;L;0,15 - 0,18 l/m² per coat
00201-106;StoColor Maxicryl G tinted;10,73;L;0,15 - 0,18 l/m² per coat
00201-101;StoColor Maxicryl G white;9,87;L;0,15 - 0,18 l/m² per coat
00201-103;StoColor Maxicryl G white;13,44;L;0,15 - 0,18 l/m² per coat
00201-105;StoColor Maxicryl G white;10,59;L;0,15 - 0,18 l/m² per coat
00201-107;StoColor Maxicryl G white;9,87;L;0,15 - 0,18 l/m² per coat
00241-003;StoColor Poro Fill tinted;3,67;KG;0,90 kg/m² per coat
00241-013;StoColor Poro Fill white;3,17;KG;0,90 kg/m² per coat
00231-004;StoColor S fine tinted;4,41;KG;0,30 - 0,40 kg/m² per coat
00231-001;StoColor S fine white;3,91;KG;0,30 - 0,40 kg/m² per coat
00230-001;StoColor S coarse tinted;4,22;KG;0,30 - 0,40 kg/m² per coat
00230-003;StoColor S coarse white;3,71;KG;0,30 - 0,40 kg/m² per coat
00309-002;StoColor Tint royal blue;10,82;ST;
00311-002;StoColor Tint leaf green;11,04;ST;
00305-002;StoColor Tint Maisgelb;11,23;ST;
00306-002;StoColor Tint Ocker;8,22;ST;
00314-002;StoColor Tint Rotbraun;8,22;ST;
00315-002;StoColor Tint Schwarz;7,46;ST;
00307-002;StoColor Tint Signalrot;13,94;ST;
00310-002;StoColor Tint emerald green;9,96;ST;
00312-002;StoColor Tint Umbra;8,22;ST;
00308-002;StoColor Tint Ziegelrot;8,40;ST;
00313-002;StoColor Tint Zigarrenbraun;8,22;ST;
00304-002;StoColor Tint Zitronengelb;9,96;ST;
00270-015;StoColor Top tinted;13,73;L;0,17 - 0,19 l/m² per coat
00270-016;StoColor Top tinted;14,44;L;0,17 - 0,19 l/m² per coat
00270-001;StoColor Top white;12,88;L;0,17 - 0,19 l/m² per coat
00270-003;StoColor Top white;13,59;L;0,17 - 0,19 l/m² per coat
08780-003;StoColor X-black tinted;21,48;L;0,15 - 0,18 l/m² per coat
08780-004;StoColor X-black tinted;22,58;L;0,15 - 0,18 l/m² per coat
08780-015;StoColor X-black S tinted;14,27;L;0,15 - 0,18 l/m² per coat
08780-016;StoColor X-black S tinted;14,98;L;0,15 - 0,18 l/m² per coat
00866-001;StoSuperlit Protect;10,23;KG;350 g/m² on StoSuperlit K 1.5, undiluted
02305-010;StoTint Aqua brown;39,44;ST;
02305-007;StoTint Aqua goldgelb;67,93;ST;
02305-008;StoTint Aqua kobaltblau;87,10;ST;
02305-001;StoTint Aqua ocker;39,44;ST;
02305-004;StoTint Aqua oxide green;58,49;ST;
02305-003;StoTint Aqua oxidrot;43,11;ST;
02305-005;StoTint Aqua black;37,14;ST;
02304-001;StoTint Aqua Sortiment incl. Tragekorb;476,45;ST;
02305-002;StoTint Aqua umbra;39,44;ST;
02305-009;StoTint Aqua ziegelrot;43,11;ST;
02305-006;StoTint Aqua zitronengelb;66,63;ST;
02045-001;StoLastic Gewebe RF 100 cm;5,06;M;1,10 m/m² with 10 cm overlap
00870-006;StoPrim Silikat;5,63;L;0,15 - 0,60 l/m² per coat
00870-047;StoPrim Sol GT;5,14;L;0,10 - 0,20 l/m² per coat, on schwach saugendem substrate
03215-001;Sto-HydroGrund;4,80;L;0,10 - 0,40 l/m² per coat
00861-001;Stoplex W;5,63;L;0,10 - 0,40 l/m² per coat
00861-002;Stoplex W;3,96;L;0,10 - 0,40 l/m² per coat
00856-012;StoPrim Grundex;7,23;L;0,20 - 0,60 l/m² per coat
00856-013;StoPrim Grundex;6,59;L;0,20 - 0,60 l/m² per coat
00840-003;StoPrim LQ;7,56;KG;0,20 - 0,30 kg/m² per coat
01383-008;StoNivellit tinted;2,56;KG;1,70 kg/m² per mm layer thickness
01383-001;StoNivellit white;2,10;KG;1,70 kg/m² per mm layer thickness
02119-002;StoSil K 1,0 tinted;2,63;KG;2,20 kg/m²
02119-001;StoSil K 1,0 white;2,15;KG;2,20 kg/m²
00103-039;StoSil K 1,5 tinted;2,63;KG;2,40 kg/m²
00103-001;StoSil K 1,5 white;2,15;KG;2,40 kg/m²
00104-039;StoSil K 2,0 tinted;2,63;KG;3,00 kg/m²
00104-001;StoSil K 2,0 white;2,15;KG;3,00 kg/m²
00105-038;StoSil K 3,0 tinted;2,63;KG;4,30 kg/m²
00105-001;StoSil K 3,0 white;2,15;KG;4,30 kg/m²
00110-034;StoSil MP tinted;3,53;KG;1,50 - 4,00 kg/m² depending on the texture
00110-001;StoSil MP white;2,94;KG;1,50 - 4,00 kg/m² depending on the texture
00107-036;StoSil R 1,5 tinted;2,63;KG;2,40 kg/m²
00107-001;StoSil R 1,5 white;2,15;KG;2,40 kg/m²
00108-038;StoSil R 2,0 tinted;2,63;KG;3,00 kg/m²
00108-001;StoSil R 2,0 white;2,15;KG;3,00 kg/m²
00109-039;StoSil R 3,0 tinted;2,63;KG;3,90 kg/m²
00109-001;StoSil R 3,0 white;2,15;KG;3,90 kg/m²
02119-035;StoSil K 1,0 tinted OF;3,14;KG;2,20 kg/m²
02119-020;StoSil K 1,0 white OF;2,57;KG;2,20 kg/m²
00103-054;StoSil K 1,5 tinted OF;3,14;KG;2,40 kg/m²
00103-033;StoSil K 1,5 white OF;2,57;KG;2,40 kg/m²
00104-055;StoSil K 2,0 tinted OF;3,14;KG;3,00 kg/m²
00104-033;StoSil K 2,0 white OF;2,57;KG;3,00 kg/m²
00105-048;StoSil K 3,0 tinted OF;3,14;KG;4,30 kg/m²
00105-032;StoSil K 3,0 white OF;2,57;KG;4,30 kg/m²
00110-047;StoSil MP tinted OF;3,53;KG;1,50 - 4,00 kg/m² depending on the texture
00110-028;StoSil MP white OF;2,94;KG;1,50 - 4,00 kg/m² depending on the texture
00107-052;StoSil R 1,5 tinted OF;3,14;KG;2,40 kg/m²
00107-030;StoSil R 1,5 white OF;2,57;KG;2,40 kg/m²
00108-054;StoSil R 2,0 tinted OF;3,14;KG;3,00 kg/m²
00108-032;StoSil R 2,0 white OF;2,57;KG;3,00 kg/m²
00109-054;StoSil R 3,0 tinted OF;3,14;KG;3,90 kg/m²
00109-033;StoSil R 3,0 white OF;2,57;KG;3,90 kg/m²
04096-002;StoLotusan K 1,0 tinted;3,40;KG;1,90 kg/m²
04096-001;StoLotusan K 1,0 white;3,17;KG;1,90 kg/m²
04790-002;StoLotusan K 1,5 tinted;3,40;KG;2,40 kg/m²
04790-001;StoLotusan K 1,5 white;3,17;KG;2,40 kg/m²
04430-006;StoLotusan K 2,0 tinted;3,40;KG;3,20 kg/m²
04430-005;StoLotusan K 2,0 white;3,17;KG;3,20 kg/m²
04432-002;StoLotusan K 3,0 tinted;3,40;KG;4,30 kg/m²
04432-001;StoLotusan K 3,0 white;3,17;KG;4,30 kg/m²
04792-002;StoLotusan MP tinted;5,49;KG;1,50 - 4,00 kg/m² depending on the texture
04792-001;StoLotusan MP white;4,72;KG;1,50 - 4,00 kg/m² depending on the texture
09475-005;StoSilco blue K 1,0 tinted;3,96;KG;1,60 - 2,00 kg/m²
09475-006;StoSilco blue K 1,0 white;3,38;KG;1,60 - 2,00 kg/m²
09475-003;StoSilco blue K 1,5 tinted;3,96;KG;2,20 - 2,60 kg/m²
09475-004;StoSilco blue K 1,5 white;3,38;KG;2,20 - 2,60 kg/m²
09384-003;StoSilco blue K 2,0 tinted;3,96;KG;2,80 - 3,40 kg/m²
09384-004;StoSilco blue K 2,0 white;3,38;KG;2,80 - 3,40 kg/m²
09476-003;StoSilco blue K 3,0 tinted;3,96;KG;4,00 - 4,60 kg/m²
09476-004;StoSilco blue K 3,0 white;3,38;KG;4,00 - 4,60 kg/m²
09480-003;StoSilco blue MP tinted;4,30;KG;1,50 - 4,00 kg/m² depending on the application
09480-004;StoSilco blue MP white;3,72;KG;1,50 - 4,00 kg/m² depending on the application
01220-024;StoSilco K 1,0 tinted;2,17;KG;2,00 kg/m²
01220-001;StoSilco K 1,0 white;2,04;KG;2,00 kg/m²
01218-043;StoSilco K 1,5 tinted;2,17;KG;2,30 kg/m²
01218-001;StoSilco K 1,5 white;2,04;KG;2,30 kg/m²
00186-026;StoSilco K 2,0 tinted;2,17;KG;3,00 kg/m²
00186-001;StoSilco K 2,0 white;2,04;KG;3,00 kg/m²
00187-028;StoSilco K 3,0 tinted;2,17;KG;4,30 kg/m²
00187-001;StoSilco K 3,0 white;2,04;KG;4,30 kg/m²
01214-013;StoSilco MP tinted;3,04;KG;1,50 - 4,00 kg/m² depending on the texture
01214-001;StoSilco MP white;2,62;KG;1,50 - 4,00 kg/m² depending on the texture
01219-018;StoSilco R 1,5 tinted;2,17;KG;2,20 kg/m²
01219-001;StoSilco R 1,5 white;2,04;KG;2,20 kg/m²
00188-023;StoSilco R 2,0 tinted;2,17;KG;2,70 kg/m²
00188-001;StoSilco R 2,0 white;2,04;KG;2,70 kg/m²
00189-024;StoSilco R 3,0 tinted;2,17;KG;3,50 kg/m²
00189-001;StoSilco R 3,0 white;2,04;KG;3,50 kg/m²
00129-010;StoSilco QS K 1,0 tinted;3,91;KG;2,00 kg/m²
00129-001;StoSilco QS K 1,0 white;3,32;KG;2,00 kg/m²
00156-017;StoSilco QS K 1,5 tinted;3,91;KG;2,40 kg/m²
00156-001;StoSilco QS K 1,5 white;3,32;KG;2,40 kg/m²
00161-017;StoSilco QS K 2,0 tinted;3,91;KG;3,20 kg/m²
00161-001;StoSilco QS K 2,0 white;3,32;KG;3,20 kg/m²
00162-017;StoSilco QS K 3,0 tinted;3,91;KG;4,30 kg/m²
00162-001;StoSilco QS K 3,0 white;3,32;KG;4,30 kg/m²
01205-008;StoSilco QS MP tinted;4,22;KG;1,50 - 4,00 kg/m² depending on the texture
01205-001;StoSilco QS MP white;3,64;KG;1,50 - 4,00 kg/m² depending on the texture
00165-016;StoSilco QS R 1,5 tinted;3,91;KG;2,20 kg/m²
00165-001;StoSilco QS R 1,5 white;3,32;KG;2,20 kg/m²
00167-017;StoSilco QS R 2,0 tinted;3,91;KG;2,90 kg/m²
00167-001;StoSilco QS R 2,0 white;3,32;KG;2,90 kg/m²
00168-016;StoSilco QS R 3,0 tinted;3,91;KG;4,00 kg/m²
00168-001;StoSilco QS R 3,0 white;3,32;KG;4,00 kg/m²
01502-002;Sto-textured render K 2,0 tinted;0,97;KG;2,50 kg/m²
01502-004;Sto-textured render K 2,0 white;0,70;KG;2,50 kg/m²
01504-019;Sto-textured render K 3,0 tinted;0,97;KG;2,90 kg/m²
01504-002;Sto-textured render K 3,0 white;0,70;KG;2,90 kg/m²
01512-018;Sto-textured render R 2,0 tinted;0,97;KG;2,50 kg/m²
01512-002;Sto-textured render R 2,0 white;0,70;KG;2,50 kg/m²
01514-018;Sto-textured render R 3,0 tinted;0,97;KG;2,90 kg/m²
01514-002;Sto-textured render R 3,0 white;0,70;KG;2,90 kg/m²
01365-218;StoMiral premium scraped render 2,0 tinted;0,63;KG;
01365-219;StoMiral premium scraped render 2,0 white;0,58;KG;
01365-220;StoMiral premium scraped render 3,0 tinted;0,63;KG;
01365-221;StoMiral premium scraped render 3,0 white;0,58;KG;
01365-222;StoMiral premium scraped render 4,0 tinted;0,63;KG;
01365-223;StoMiral premium scraped render 4,0 white;0,58;KG;
01365-225;StoMiral premium scraped render 6,0 tinted;0,67;KG;
01365-226;StoMiral premium scraped render 6,0 white;0,62;KG;
01388-001;StoMiral Nivell F;1,18;KG;1,70 kg/m² per mm layer thickness
08744-002;StoMiral K 1,0 tinted;2,10;KG;1,60 kg/m²
08744-001;StoMiral K 1,0 white;1,35;KG;1,60 kg/m²
01380-022;StoMiral K 1,5 tinted;2,10;KG;1,80 kg/m²
01380-001;StoMiral K 1,5 white;1,35;KG;1,80 kg/m²
01381-023;StoMiral K 2,0 tinted;2,10;KG;2,40 kg/m²
01381-001;StoMiral K 2,0 white;1,35;KG;2,40 kg/m²
01382-023;StoMiral K 3,0 tinted;2,10;KG;2,70 kg/m²
01382-001;StoMiral K 3,0 white;1,35;KG;2,70 kg/m²
01384-042;StoMiral K 4-6 tinted;2,10;KG;5,20 kg/m²
01384-043;StoMiral K 4-6 white;1,35;KG;5,20 kg/m²
00113-023;StoMiral MP tinted;2,18;KG;1,50 - 4,00 kg/m² depending on the texture
00113-020;StoMiral MP white;1,69;KG;1,50 - 4,00 kg/m² depending on the texture
01385-027;StoMiral R 1,5 tinted;2,10;KG;1,80 kg/m²
01385-001;StoMiral R 1,5 white;1,35;KG;1,80 kg/m²
01386-021;StoMiral R 2,0  tinted;2,10;KG;2,40 kg/m²
01386-001;StoMiral R 2,0 white;1,35;KG;2,40 kg/m²
01387-021;StoMiral R 3,0 tinted;2,10;KG;2,80 kg/m²
01387-001;StoMiral R 3,0 white;1,35;KG;2,80 kg/m²
01389-040;StoMiral R 6,0 tinted;2,10;KG;
01389-041;StoMiral R 6,0 white;1,35;KG;
09576-009;Stolit AimS K 1,0 tinted;5,05;KG;1,60 - 2,00 kg/m²
09576-010;Stolit AimS K 1,0 white;4,27;KG;1,60 - 2,00 kg/m²
09576-005;Stolit AimS K 1,5 tinted;5,05;KG;2,20 - 2,60 kg/m²
09576-006;Stolit AimS K 1,5 white;4,27;KG;2,20 - 2,60 kg/m²
09576-001;Stolit AimS K 2,0 tinted;5,05;KG;2,80 - 3,40 kg/m²
09576-002;Stolit AimS K 2,0 white;4,27;KG;2,80 - 3,40 kg/m²
09576-007;Stolit AimS K 3,0 tinted;5,05;KG;4,00 - 4,60 kg/m²
09576-008;Stolit AimS K 3,0 white;4,27;KG;4,00 - 4,60 kg/m²
09576-003;Stolit AimS MP tinted;5,38;KG;1,70 kg/m² je mm layer thickness
09576-004;Stolit AimS MP white;4,61;KG;1,70 kg/m² je mm layer thickness
04366-004;Stolit Milano tinted;3,76;KG;1,50 kg/m² 1-fache Grundspachtelung
04366-003;Stolit Milano natural;3,17;KG;1,50 kg/m² 1-fache Grundspachtelung
00966-002;Stolit Effect tinted;3,93;KG;3,50 - 5,50 kg/m²
00966-001;Stolit Effect white;3,35;KG;3,50 - 5,50 kg/m²
00130-005;Stolit K 1,0 tinted;1,98;KG;1,80 kg/m²
00130-001;Stolit K 1,0 white;1,89;KG;1,80 kg/m²
00131-053;Stolit K 1,5 tinted;1,98;KG;2,30 kg/m²
00131-001;Stolit K 1,5 white;1,89;KG;2,30 kg/m²
00132-003;Stolit K 2,0 tinted;1,98;KG;3,00 kg/m²
00132-001;Stolit K 2,0 white;1,89;KG;3,00 kg/m²
00134-003;Stolit K 3,0 tinted;1,98;KG;4,30 kg/m²
00134-001;Stolit K 3,0 white;1,89;KG;4,30 kg/m²
00135-002;Stolit K 6,0 tinted;1,98;KG;6,00 kg/m²
00135-001;Stolit K 6,0 white;1,89;KG;6,00 kg/m²
00183-014;Stolit MP tinted;2,95;KG;1,50 - 4,00 kg/m² depending on the texture
00183-001;Stolit MP white;2,47;KG;1,50 - 4,00 kg/m² depending on the texture
00141-046;Stolit R 1,5 tinted;1,98;KG;2,20 kg/m²
00141-001;Stolit R 1,5 white;1,89;KG;2,20 kg/m²
00142-047;Stolit R 2,0 tinted;1,98;KG;2,70 kg/m²
00142-002;Stolit R 2,0 white;1,89;KG;2,70 kg/m²
00143-048;Stolit R 3,0 tinted;1,98;KG;3,50 kg/m²
00143-001;Stolit R 3,0 white;1,89;KG;3,50 kg/m²
00144-003;Stolit R 6,0 tinted;1,98;KG;5,60 kg/m²
00144-001;Stolit R 6,0 white;1,89;KG;5,60 kg/m²
01235-020;Stolit QS K 1,0 tinted;3,65;KG;1,80 kg/m²
01235-001;Stolit QS K 1,0 white;3,07;KG;1,80 kg/m²
01236-022;Stolit QS K 1,5 tinted;3,65;KG;2,30 kg/m²
01236-001;Stolit QS K 1,5 white;3,07;KG;2,30 kg/m²
01237-022;Stolit QS K 2,0 tinted;3,65;KG;3,00 kg/m²
01237-001;Stolit QS K 2,0 white;3,07;KG;3,00 kg/m²
01238-021;Stolit QS K 3,0 tinted;3,65;KG;4,30 kg/m²
01238-001;Stolit QS K 3,0 white;3,07;KG;4,30 kg/m²
01265-010;Stolit QS MP tinted;3,80;KG;1,50 - 4,00 kg/m² depending on the texture
01265-001;Stolit QS MP white;3,22;KG;1,50 - 4,00 kg/m² depending on the texture
01239-021;Stolit QS R 1,5 tinted;3,65;KG;2,20 kg/m²
01239-001;Stolit QS R 1,5 white;3,07;KG;2,20 kg/m²
01240-021;Stolit QS R 2,0 tinted;3,65;KG;2,70 kg/m²
01240-001;Stolit QS R 2,0 white;3,07;KG;2,70 kg/m²
01241-021;Stolit QS R 3,0 tinted;3,65;KG;4,00 kg/m²
01241-001;Stolit QS R 3,0 white;3,07;KG;4,00 kg/m²
00152-141;StoSuperlit K 0,8 FT 08-800;5,93;KG;2,00 - 2,50 kg/m² K 0,8 (fine)
00152-142;StoSuperlit K 0,8 FT 08-810;5,93;KG;2,00 - 2,50 kg/m² K 0,8 (fine)
00152-143;StoSuperlit K 0,8 FT 08-820;5,93;KG;2,00 - 2,50 kg/m² K 0,8 (fine)
00152-144;StoSuperlit K 0,8 FT 08-830;5,93;KG;2,00 - 2,50 kg/m² K 0,8 (fine)
00152-145;StoSuperlit K 0,8 FT 08-840;5,93;KG;2,00 - 2,50 kg/m² K 0,8 (fine)
00152-150;StoSuperlit K 0,8 FT 08-890;5,93;KG;2,00 - 2,50 kg/m² K 0,8 (fine)
00152-151;StoSuperlit K 0,8 FT 08-900;5,93;KG;2,00 - 2,50 kg/m² K 0,8 (fine)
00152-152;StoSuperlit K 0,8 FT 08-910;5,93;KG;2,00 - 2,50 kg/m² K 0,8 (fine)
00152-114;StoSuperlit K 1,5 FT 15-000;3,50;KG;5,00 - 6,00 kg/m²
00152-115;StoSuperlit K 1,5 FT 15-010;3,50;KG;5,00 - 6,00 kg/m²
00152-116;StoSuperlit K 1,5 FT 15-020;3,50;KG;5,00 - 6,00 kg/m²
00152-117;StoSuperlit K 1,5 FT 15-100;3,50;KG;5,00 - 6,00 kg/m²
00152-118;StoSuperlit K 1,5 FT 15-110;3,50;KG;5,00 - 6,00 kg/m²
00152-119;StoSuperlit K 1,5 FT 15-120;3,50;KG;5,00 - 6,00 kg/m²
00152-120;StoSuperlit K 1,5 FT 15-200;3,50;KG;5,00 - 6,00 kg/m²
00152-121;StoSuperlit K 1,5 FT 15-210;3,50;KG;5,00 - 6,00 kg/m²
00152-122;StoSuperlit K 1,5 FT 15-220;3,50;KG;5,00 - 6,00 kg/m²
00152-123;StoSuperlit K 1,5 FT 15-300;3,50;KG;5,00 - 6,00 kg/m²
00152-124;StoSuperlit K 1,5 FT 15-310;3,50;KG;5,00 - 6,00 kg/m²
00152-125;StoSuperlit K 1,5 FT 15-320;3,50;KG;5,00 - 6,00 kg/m²
00152-126;StoSuperlit K 1,5 FT 15-400;3,50;KG;5,00 - 6,00 kg/m²
00152-127;StoSuperlit K 1,5 FT 15-410;3,50;KG;5,00 - 6,00 kg/m²
00152-128;StoSuperlit K 1,5 FT 15-420;3,50;KG;5,00 - 6,00 kg/m²
00152-129;StoSuperlit K 1,5 FT 15-500;3,50;KG;5,00 - 6,00 kg/m²
00152-130;StoSuperlit K 1,5 FT 15-510;3,50;KG;5,00 - 6,00 kg/m²
00152-131;StoSuperlit K 1,5 FT 15-520;3,50;KG;5,00 - 6,00 kg/m²
00152-132;StoSuperlit K 1,5 FT 15-600;3,50;KG;5,00 - 6,00 kg/m²
00152-133;StoSuperlit K 1,5 FT 15-610;3,50;KG;5,00 - 6,00 kg/m²
00152-134;StoSuperlit K 1,5 FT 15-620;3,50;KG;5,00 - 6,00 kg/m²
00152-135;StoSuperlit K 1,5 FT 15-700;3,50;KG;5,00 - 6,00 kg/m²
00152-136;StoSuperlit K 1,5 FT 15-710;3,50;KG;5,00 - 6,00 kg/m²
00152-137;StoSuperlit K 1,5 FT 15-720;3,50;KG;5,00 - 6,00 kg/m²
00152-113;StoSuperlit K 1,5 tinted;3,50;KG;5,00 - 6,00 kg/m²
00152-113;StoSuperlit K 1,5 tinted;10,87;KG;5,00 - 6,00 kg/m²
04346-019;StoLevell Reno;1,31;KG;1,28 kg/m² per mm layer thickness
00163-001;Sto-crack filler fine;4,53;KG;1,50 kg/m²
00163-006;Sto-crack filler fine;3,97;KG;1,50 kg/m²
00747-002;StoLevell Deco tinted;3,38;KG;1,30 - 1,80 kg/m² per mm layer thickness
00747-001;StoLevell Deco natural;2,81;KG;1,30 - 1,80 kg/m² per mm layer thickness
00845-006;StoMiral FL Vario;0,74;KG;0,83 kg/m² per mm layer thickness
03774-012;StoMurisol GP;0,97;KG;1,2 kg/m² per mm layer thickness
03773-012;StoMurisol SP fine;0,97;KG;1,10 kg/m² per mm layer thickness
03775-025;StoMurisol SP white;0,95;KG;1,10 kg/m² per mm layer thickness
03777-002;StoMurisol VS;0,45;KG;2,5 - 3,5 kg/m² at 50 – 60 % Deckung
00804-020;StoPrep Miral tinted;5,48;KG;0,30 - 0,40 kg/m² per coat
00804-001;StoPrep Miral natural;4,90;KG;0,30 - 0,40 kg/m² per coat
00286-001;StoPrep Miral AimS tinted;5,71;KG;0,30 - 0,40 kg/m² per coat
00286-002;StoPrep Miral AimS white;5,12;KG;0,30 - 0,40 kg/m² per coat
00801-122;Sto-Putzgrund tinted;3,76;KG;0,30 kg/m² per coat
00801-123;Sto-Putzgrund tinted;3,76;KG;0,30 kg/m² per coat
00801-124;Sto-Putzgrund tinted;4,02;KG;0,30 kg/m² per coat
00801-118;Sto-Putzgrund natural;3,29;KG;0,30 kg/m² per coat
00801-119;Sto-Putzgrund natural;3,29;KG;0,30 kg/m² per coat
00801-120;Sto-Putzgrund natural;3,61;KG;0,30 kg/m² per coat
00862-011;Sto-Putzgrund QS tinted;5,36;KG;0,30 kg/m² per coat
00862-003;Sto-Putzgrund QS natural;4,78;KG;0,30 kg/m² per coat
00884-001;StoPrep Contact;4,99;KG;0,20 - 0,40 kg/m² Streichen, Rollen
00855-003;StoPrim LP;12,53;L;0,13 - 0,15 l/m² per coat
04970-002;StoSil Patina tinted;13,43;L;0,06 l/m² pro Arbeitsgang
04970-004;StoSil Patina tinted;9,32;L;0,06 l/m² pro Arbeitsgang
04970-001;StoSil Patina transparent;12,44;L;0,06 l/m² pro Arbeitsgang
04970-003;StoSil Patina transparent;8,33;L;0,06 l/m² pro Arbeitsgang
04966-002;StoSil texture Medium tinted;4,22;KG;
04966-001;StoSil texture Medium weiss;3,64;KG;
01326-008;StoCalce Fondo tinted;7,62;KG;0,8 - 1,0 kg/m² pro Arbeitsgang
01326-009;StoCalce Fondo natural white;7,04;KG;0,8 - 1,0 kg/m² pro Arbeitsgang
01321-021;StoCalce Marmorino tinted;16,69;KG;0,2 kg/m² pro Arbeitsgang
01321-023;StoCalce Marmorino tinted;13,92;KG;0,2 kg/m² pro Arbeitsgang
01321-022;StoCalce Marmorino natural white;13,85;KG;0,2 kg/m² pro Arbeitsgang
01321-024;StoCalce Marmorino natural white;11,04;KG;0,2 kg/m² pro Arbeitsgang
04245-003;StoCalce Veneziano natural white;8,82;KG;0,8 - 1,0 kg/m² pro Arbeitsgang
00317-001;StoLook Diamant;26,07;L;0,18 l/m² per coat
01328-001;StoLook Lasura;18,58;L;0,06 l/m² per coat
00282-002;StoLook texture F tinted;4,48;KG;
00282-006;StoLook texture F tinted;5,04;KG;
00282-001;StoLook texture F white;3,90;KG;
00282-005;StoLook texture F white;4,46;KG;
00571-002;StoLook texture G tinted;4,48;KG;
00571-001;StoLook texture G white;3,90;KG;
09538-002;StoLook Ballotini 180-300 mm;3,92;KG;
00164-002;StoLook Mica Grossa;26,25;KG;
04257-001;StoLook Argento;24,27;ST;
04256-001;StoLook Oro;24,27;ST;
04255-001;StoLook Rame;24,27;ST;
04254-003;StoLook Punto F coccio pesto;7,04;KG;
04250-003;StoLook Punto F giallo mori;7,04;KG;
04252-003;StoLook Punto F nero ebano;7,04;KG;
04253-003;StoLook Punto F rosso verona;7,04;KG;
04248-003;StoLook Punto F verde alpi;7,04;KG;
04240-001;StoLook Punto Z;3,17;KG;
01339-001;StoLook Wax forte;35,30;ST;0,05 l/m² pro Arbeitsgang
02041-003;StoColor Select Sil FT AW15;3,50;L;0,12 - 0,14 l/m² per coat
02041-004;StoColor Select Sil FT STH01;3,50;L;0,12 - 0,14 l/m² per coat
02041-005;StoColor Select Sil FT STH04;3,50;L;0,12 - 0,14 l/m² per coat
02041-006;StoColor Select Sil tinted;4,48;L;0,12 - 0,14 l/m² per coat
02041-001;StoColor Select Sil white;3,50;L;0,12 - 0,14 l/m² per coat
09547-003;StoColor Sil Comfort tinted;5,84;L;0,12 - 0,14 l/m² per coat
09547-018;StoColor Sil Comfort tinted;6,66;L;0,12 - 0,14 l/m² per coat
09547-020;StoColor Sil Comfort tinted;5,84;L;0,12 - 0,14 l/m² per coat
09547-038;StoColor Sil Comfort tinted;9,95;L;0,12 - 0,14 l/m² per coat
09547-004;StoColor Sil Comfort white;4,85;L;0,12 - 0,14 l/m² per coat
09547-019;StoColor Sil Comfort white;5,67;L;0,12 - 0,14 l/m² per coat
09547-021;StoColor Sil Comfort white;4,85;L;0,12 - 0,14 l/m² per coat
09547-039;StoColor Sil Comfort white;8,96;L;0,12 - 0,14 l/m² per coat
00206-044;StoColor Sil In tinted;4,74;L;0,12 - 0,14 l/m² per coat
00206-052;StoColor Sil In tinted;4,74;L;0,12 - 0,14 l/m² per coat
00206-057;StoColor Sil In tinted;6,66;L;0,12 - 0,14 l/m² per coat
00206-086;StoColor Sil In tinted;9,95;L;0,12 - 0,14 l/m² per coat
00206-004;StoColor Sil In white;3,89;L;0,12 - 0,14 l/m² per coat
00206-006;StoColor Sil In white;3,89;L;0,12 - 0,14 l/m² per coat
00206-012;StoColor Sil In white;5,67;L;0,12 - 0,14 l/m² per coat
00206-075;StoColor Sil In white;8,96;L;0,12 - 0,14 l/m² per coat
00292-011;StoColor Sil Mineral tinted;4,40;L;0,14 - 0,16 l/m² per coat
00292-001;StoColor Sil Mineral white;3,41;L;0,14 - 0,16 l/m² per coat
00199-003;StoColor Sil Premium tinted;6,47;L;0,12 - 0,14 l/m² per coat
00199-009;StoColor Sil Premium tinted;7,29;L;0,12 - 0,14 l/m² per coat
00199-004;StoColor Sil Premium white;5,48;L;0,12 - 0,14 l/m² per coat
00199-010;StoColor Sil Premium white;6,31;L;0,12 - 0,14 l/m² per coat
00247-001;StoColor Calcetura natural;2,81;KG;0,20 kg/m² per coat
00039-006;StoColor Basic tinted;2,55;L;0,12 - 0,14 l/m² per coat
00039-007;StoColor Basic tinted;2,55;L;0,12 - 0,14 l/m² per coat
00039-008;StoColor Basic tinted;4,70;L;0,12 - 0,14 l/m² per coat
00039-001;StoColor Basic white;2,12;L;0,12 - 0,14 l/m² per coat
00039-002;StoColor Basic white;2,12;L;0,12 - 0,14 l/m² per coat
00039-003;StoColor Basic white;3,72;L;0,12 - 0,14 l/m² per coat
02990-004;StoColor Climasan tinted;14,72;L;0,14 - 0,17 l/m² per coat
02990-008;StoColor Climasan tinted;15,81;L;0,14 - 0,17 l/m² per coat
02990-001;StoColor Climasan white;13,40;L;0,14 - 0,17 l/m² per coat
02990-007;StoColor Climasan white;14,50;L;0,14 - 0,17 l/m² per coat
00237-179;StoColor In FT STH01;2,69;L;0,13 - 0,15 l/m² per coat
00237-173;StoColor In FT STH02;2,69;L;0,13 - 0,15 l/m² per coat
00237-180;StoColor In FT STH04;2,69;L;0,13 - 0,15 l/m² per coat
00237-081;StoColor In tinted;3,44;L;0,13 - 0,15 l/m² per coat
00237-082;StoColor In tinted;3,44;L;0,13 - 0,15 l/m² per coat
00237-086;StoColor In tinted;5,46;L;0,13 - 0,15 l/m² per coat
00237-093;StoColor In tinted;8,75;L;0,13 - 0,15 l/m² per coat
00237-018;StoColor In white;7,76;L;0,13 - 0,15 l/m² per coat
00237-020;StoColor In white;4,47;L;0,13 - 0,15 l/m² per coat
00237-022;StoColor In white;2,69;L;0,13 - 0,15 l/m² per coat
00237-024;StoColor In white;2,69;L;0,13 - 0,15 l/m² per coat
00289-013;StoColor Isol W tinted;12,36;L;0,13 - 0,15 l/m² per coat
00289-026;StoColor Isol W tinted;13,18;L;0,13 - 0,15 l/m² per coat
00289-001;StoColor Isol W white;11,37;L;0,13 - 0,15 l/m² per coat
00289-004;StoColor Isol W white;12,20;L;0,13 - 0,15 l/m² per coat
00030-002;StoColor Opticryl Gloss tinted;10,03;L;0,13 - 0,15 l/m² per coat
00030-006;StoColor Opticryl Gloss tinted;16,46;L;0,13 - 0,15 l/m² per coat
00030-007;StoColor Opticryl Gloss tinted;13,17;L;0,13 - 0,15 l/m² per coat
00030-008;StoColor Opticryl Gloss tinted;10,03;L;0,13 - 0,15 l/m² per coat
00030-001;StoColor Opticryl Gloss white;9,13;L;0,13 - 0,15 l/m² per coat
00030-003;StoColor Opticryl Gloss white;15,47;L;0,13 - 0,15 l/m² per coat
00030-004;StoColor Opticryl Gloss white;12,19;L;0,13 - 0,15 l/m² per coat
00030-005;StoColor Opticryl Gloss white;9,13;L;0,13 - 0,15 l/m² per coat
00024-002;StoColor Opticryl matte tinted;5,39;L;0,13 - 0,15 l/m² per coat
00024-006;StoColor Opticryl matte tinted;10,83;L;0,13 - 0,15 l/m² per coat
00024-007;StoColor Opticryl matte tinted;7,55;L;0,13 - 0,15 l/m² per coat
00024-008;StoColor Opticryl matte tinted;5,39;L;0,13 - 0,15 l/m² per coat
00024-001;StoColor Opticryl matte white;4,59;L;0,13 - 0,15 l/m² per coat
00024-003;StoColor Opticryl matte white;9,84;L;0,13 - 0,15 l/m² per coat
00024-004;StoColor Opticryl matte white;6,56;L;0,13 - 0,15 l/m² per coat
00024-005;StoColor Opticryl matte white;4,59;L;0,13 - 0,15 l/m² per coat
00028-002;StoColor Opticryl Satin tinted;7,30;L;0,13 - 0,15 l/m² per coat
00028-006;StoColor Opticryl Satin tinted;13,10;L;0,13 - 0,15 l/m² per coat
00028-007;StoColor Opticryl Satin tinted;9,82;L;0,13 - 0,15 l/m² per coat
00028-008;StoColor Opticryl Satin tinted;7,30;L;0,13 - 0,15 l/m² per coat
00028-001;StoColor Opticryl Satin white;6,43;L;0,13 - 0,15 l/m² per coat
00028-003;StoColor Opticryl Satin white;12,12;L;0,13 - 0,15 l/m² per coat
00028-004;StoColor Opticryl Satin white;8,84;L;0,13 - 0,15 l/m² per coat
00028-005;StoColor Opticryl Satin white;6,43;L;0,13 - 0,15 l/m² per coat
00026-002;StoColor Opticryl Satinmatt tinted;5,67;L;0,13 - 0,15 l/m² per coat
00026-006;StoColor Opticryl Satinmatt tinted;11,18;L;0,13 - 0,15 l/m² per coat
00026-007;StoColor Opticryl Satinmatt tinted;7,90;L;0,13 - 0,15 l/m² per coat
00026-008;StoColor Opticryl Satinmatt tinted;5,67;L;0,13 - 0,15 l/m² per coat
00026-001;StoColor Opticryl Satinmatt white;4,86;L;0,13 - 0,15 l/m² per coat
00026-003;StoColor Opticryl Satinmatt white;10,19;L;0,13 - 0,15 l/m² per coat
00026-004;StoColor Opticryl Satinmatt white;6,91;L;0,13 - 0,15 l/m² per coat
00026-005;StoColor Opticryl Satinmatt white;4,86;L;0,13 - 0,15 l/m² per coat
09622-001;StoColor Premiummatt KF tinted;6,88;L;0,12 - 0,14 l/m² per coat
09622-003;StoColor Premiummatt KF tinted;7,70;L;0,12 - 0,14 l/m² per coat
09622-002;StoColor Premiummatt KF white;5,90;L;0,12 - 0,14 l/m² per coat
09622-004;StoColor Premiummatt KF white;6,71;L;0,12 - 0,14 l/m² per coat
00407-001;StoColor PuraClean tinted;13,37;L;
00407-003;StoColor PuraClean tinted;12,56;L;
00407-005;StoColor PuraClean tinted;16,66;L;
00407-002;StoColor PuraClean white;12,39;L;
00407-004;StoColor PuraClean white;11,57;L;
00407-006;StoColor PuraClean white;15,68;L;
02260-001;StoColor Rapid Neo tinted;6,51;L;0,13 - 0,15 l/m² per coat
02260-002;StoColor Rapid Neo white;5,52;L;0,13 - 0,15 l/m² per coat
08109-029;StoColor Rapid Ultramatt FT STH01;4,33;L;0,13 - 0,15 l/m² per coat
08109-030;StoColor Rapid Ultramatt FT STH04;4,33;L;0,13 - 0,15 l/m² per coat
08109-005;StoColor Rapid Ultramatt tinted;10,72;L;0,13 - 0,15 l/m² per coat
08109-006;StoColor Rapid Ultramatt tinted;7,43;L;0,13 - 0,15 l/m² per coat
08109-007;StoColor Rapid Ultramatt tinted;4,91;L;0,13 - 0,15 l/m² per coat
08109-008;StoColor Rapid Ultramatt tinted;4,91;L;0,13 - 0,15 l/m² per coat
08109-031;StoColor Rapid Ultramatt tinted verarbei;4,91;L;0,13 - 0,15 l/m² per coat
08109-001;StoColor Rapid Ultramatt white;9,73;L;0,13 - 0,15 l/m² per coat
08109-002;StoColor Rapid Ultramatt white;6,44;L;0,13 - 0,15 l/m² per coat
08109-003;StoColor Rapid Ultramatt white;4,33;L;0,13 - 0,15 l/m² per coat
08109-004;StoColor Rapid Ultramatt white;4,33;L;0,13 - 0,15 l/m² per coat
08109-032;StoColor Rapid Ultramatt white verarbeitu;4,33;L;0,13 - 0,15 l/m² per coat
02260-010;StoColor Rapid/Rapid Neo AW11;5,52;L;0,13 - 0,15 l/m² per coat
02260-011;StoColor Rapid/Rapid Neo AW15;5,52;L;0,13 - 0,15 l/m² per coat
02260-008;StoColor Rapid/Rapid Neo tinted;6,51;L;0,13 - 0,15 l/m² per coat
02260-014;StoColor Rapid/Rapid Neo tinted;6,51;L;0,13 - 0,15 l/m² per coat
02260-016;StoColor Rapid/Rapid Neo tinted;7,33;L;0,13 - 0,15 l/m² per coat
02260-018;StoColor Rapid/Rapid Neo tinted;10,61;L;0,13 - 0,15 l/m² per coat
02260-012;StoColor Rapid/Rapid Neo RAL9010;5,52;L;0,13 - 0,15 l/m² per coat
02260-013;StoColor Rapid/Rapid Neo RAL9016;5,52;L;0,13 - 0,15 l/m² per coat
02260-009;StoColor Rapid/Rapid Neo white;5,52;L;0,13 - 0,15 l/m² per coat
02260-015;StoColor Rapid/Rapid Neo white;5,52;L;0,13 - 0,15 l/m² per coat
02260-017;StoColor Rapid/Rapid Neo white;6,34;L;0,13 - 0,15 l/m² per coat
02260-019;StoColor Rapid/Rapid Neo white;9,62;L;0,13 - 0,15 l/m² per coat
02260-020;StoColor Rapid/Rapid Neo white verarbeitu;5,52;L;0,13 - 0,15 l/m² per coat
09623-001;StoColor Saphir KF tinted;8,25;L;0,12 - 0,14 l/m² per coat
09623-002;StoColor Saphir KF white;7,27;L;0,12 - 0,14 l/m² per coat
09746-003;StoColor Select DIN FT AW11;2,18;L;0,12 - 0,14 l/m² per coat
09746-004;StoColor Select DIN FT AW15;2,18;L;0,12 - 0,14 l/m² per coat
09746-001;StoColor Select DIN tinted;3,13;L;0,12 - 0,14 l/m² per coat
09746-005;StoColor Select DIN RAL9010;2,18;L;0,12 - 0,14 l/m² per coat
09746-006;StoColor Select DIN RAL9016;2,18;L;0,12 - 0,14 l/m² per coat
09746-002;StoColor Select DIN white;2,18;L;0,12 - 0,14 l/m² per coat
09378-001;StoColor Supermatt tinted;7,31;L;0,13 - 0,15 l/m² per coat
09378-003;StoColor Supermatt tinted;8,13;L;0,13 - 0,15 l/m² per coat
09378-022;StoColor Supermatt tinted;7,31;L;0,13 - 0,15 l/m² per coat
09378-002;StoColor Supermatt white;6,32;L;0,13 - 0,15 l/m² per coat
09378-004;StoColor Supermatt white;7,14;L;0,13 - 0,15 l/m² per coat
09378-023;StoColor Supermatt white;6,32;L;0,13 - 0,15 l/m² per coat
00097-003;StoColor Titanium tinted;8,06;L;0,14 - 0,17 l/m² per coat
00097-004;StoColor Titanium tinted;8,06;L;0,14 - 0,17 l/m² per coat
00097-025;StoColor Titanium tinted;8,87;L;0,14 - 0,17 l/m² per coat
00097-001;StoColor Titanium white;7,07;L;0,14 - 0,17 l/m² per coat
00097-002;StoColor Titanium white;7,07;L;0,14 - 0,17 l/m² per coat
00097-026;StoColor Titanium white;7,89;L;0,14 - 0,17 l/m² per coat
00097-020;StoColor Titanium ASE tinted;10,77;L;0,14 - 0,17 l/m² per coat
00097-021;StoColor Titanium ASE tinted;11,59;L;0,14 - 0,17 l/m² per coat
00097-024;StoColor Titanium ASE tinted;14,87;L;0,14 - 0,17 l/m² per coat
00097-036;StoColor Titanium ASE tinted;10,40;L;0,14 - 0,17 l/m² per coat
00200-012;StoColor Isol tinted;14,97;L;0,13 - 0,15 l/m² per coat
00200-011;StoColor Isol white;13,98;L;0,13 - 0,15 l/m² per coat
00080-003;StoColor Puran Satin Komp. A tinted;18,45;KG;0,15 - 0,20 kg/m² per coat (Komponente A+B)
00080-004;StoColor Puran Satin Komp. A white;17,87;KG;0,15 - 0,20 kg/m² per coat (Komponente A+B)
00082-003;StoColor Puran Satin Komp. B;17,87;KG;0,15 - 0,20 kg/m² per coat (Komponente A+B)
00082-003;StoColor Puran Satin Komp. B;18,45;KG;0,15 - 0,20 kg/m² per coat (Komponente A+B)
00080/003;StoColor Puran Satin Set tinted;18,45;KG;0,15 - 0,20 kg/m² per coat (Komponente A+B)
00080/004;StoColor Puran Satin Set white;17,87;KG;0,15 - 0,20 kg/m² per coat (Komponente A+B)
09609-001;StoPrim GT;2,29;L;0,10 - 0,40 l/m² per coat
00049-001;StoPrim Sil Color tinted;4,36;L;0,15 - 0,20 l/m² per coat
00049-003;StoPrim Sil Color tinted;5,18;L;0,15 - 0,20 l/m² per coat
00049-002;StoPrim Sil Color white;3,37;L;0,15 - 0,20 l/m² per coat
00049-004;StoPrim Sil Color white;4,19;L;0,15 - 0,20 l/m² per coat
00049-007;StoPrim Sil Color white;4,36;L;0,15 - 0,20 l/m² per coat
01308-009;StoPrep Isol Q;7,59;KG;0,35 kg/m² Streichen, Rollen
00517-008;StoPrim Color tinted;5,75;L;0,1 - 0,13 l/m² per coat
00517-025;StoPrim Color tinted;6,57;L;0,1 - 0,13 l/m² per coat
00517-001;StoPrim Color white;4,76;L;0,1 - 0,13 l/m² per coat
00517-026;StoPrim Color white;5,58;L;0,1 - 0,13 l/m² per coat
09747-001;StoPrim In Basic;2,99;L;0,10 ml/m²
00518-001;StoPrim Plex;3,03;L;0,10 - 0,40 l/m² per coat
00518-002;StoPrim Plex;1,95;L;0,10 - 0,40 l/m² per coat
00518-009;StoPrim Plex;3,67;L;0,10 - 0,40 l/m² per coat
01356-002;Metylan NP Power Granulat plus Inhalt: 5;156,50;ST;
00590-003;Metylan TG Power Granulat Inhalt: 5 kg;216,50;ST;2 g/m² Grundieren/Vorkleistern
01356-001;Metylan NP Inhalt: 1 kg;20,87;ST;
00590-001;Metylan TG instant (0,500 kg-Packung);21,83;ST;
00828-072;StoColl Tap;1,40;KG;0,16 kg/m² je nach Vliesart and substrate
00828-064;StoColl Tex;1,95;KG;0,18 - 0,25 kg/m² je nach Gewebeart and substrate
00259-001;StoColl Trend;1,61;KG;0,13 - 0,18 kg/m² depending on the wall covering and substrate
09620-001;StoDecosit K 1,0 tinted;2,47;KG;2,00 kg/m²
09620-002;StoDecosit K 1,0 white;1,89;KG;2,00 kg/m²
09620-003;StoDecosit K 1,5 tinted;2,47;KG;2,20 kg/m²
09620-004;StoDecosit K 1,5 white;1,89;KG;2,20 kg/m²
09620-005;StoDecosit K 2,0 tinted;2,47;KG;2,90 kg/m²
09620-006;StoDecosit K 2,0 white;1,89;KG;2,90 kg/m²
09620-041;StoDecosit K 3,0 tinted;2,47;KG;3,9 kg/m²
09620-042;StoDecosit K 3,0 white;1,89;KG;3,9 kg/m²
09620-011;StoDecosit MP 0,5 tinted;2,84;KG;1,50 - 4,00 kg/m²
09620-012;StoDecosit MP 0,5 white;2,25;KG;1,50 - 4,00 kg/m²
09620-007;StoDecosit R 1,0 tinted;2,47;KG;1,60 - 1,80 kg/m²
09620-008;StoDecosit R 1,0 white;1,89;KG;1,60 - 1,80 kg/m²
09620-009;StoDecosit R 1,5 tinted;2,47;KG;2,20 kg/m²
09620-010;StoDecosit R 1,5 white;1,89;KG;2,20 kg/m²
09620-013;StoDecosit SP 1,0 tinted;3,80;KG;0,5 - 0,8 kg/m²
09620-014;StoDecosit SP 1,0 white;3,21;KG;0,5 - 0,8 kg/m²
09620-015;StoDecosit SP 1,5 tinted;3,80;KG;0,7 - 0,9 kg/m²
09620-016;StoDecosit SP 1,5 white;3,21;KG;0,7 - 0,9 kg/m²
09218-003;StoCalce Activ K 1,5;1,20;KG;2,00 kg/m²
09217-003;StoCalce Activ MP 1,0;1,20;KG;1,70 - 4,00 kg/m²
09546-001;StoCalce Natura K 1,0;0,78;KG;2,00 kg/m²
09546-002;StoCalce Natura K 1,5;0,78;KG;2,50 kg/m²
09546-003;StoCalce Natura MP 0,5;0,78;KG;1,40 - 4,00 kg/m²
00180-039;StoGranit K 1,5 FT 15-000;4,01;KG;4,00 - 5,00 kg/m²
00180-040;StoGranit K 1,5 FT 15-010;4,01;KG;4,00 - 5,00 kg/m²
00180-041;StoGranit K 1,5 FT 15-020;4,01;KG;4,00 - 5,00 kg/m²
00180-042;StoGranit K 1,5 FT 15-100;4,01;KG;4,00 - 5,00 kg/m²
00180-043;StoGranit K 1,5 FT 15-110;4,01;KG;4,00 - 5,00 kg/m²
00180-044;StoGranit K 1,5 FT 15-120;4,01;KG;4,00 - 5,00 kg/m²
00180-045;StoGranit K 1,5 FT 15-200;4,01;KG;4,00 - 5,00 kg/m²
00180-046;StoGranit K 1,5 FT 15-210;4,01;KG;4,00 - 5,00 kg/m²
00180-047;StoGranit K 1,5 FT 15-220;4,01;KG;4,00 - 5,00 kg/m²
00180-048;StoGranit K 1,5 FT 15-300;4,01;KG;4,00 - 5,00 kg/m²
00180-049;StoGranit K 1,5 FT 15-310;4,01;KG;4,00 - 5,00 kg/m²
00180-050;StoGranit K 1,5 FT 15-320;4,01;KG;4,00 - 5,00 kg/m²
00180-051;StoGranit K 1,5 FT 15-400;4,01;KG;4,00 - 5,00 kg/m²
00180-052;StoGranit K 1,5 FT 15-410;4,01;KG;4,00 - 5,00 kg/m²
00180-053;StoGranit K 1,5 FT 15-420;4,01;KG;4,00 - 5,00 kg/m²
00180-054;StoGranit K 1,5 FT 15-500;4,01;KG;4,00 - 5,00 kg/m²
00180-055;StoGranit K 1,5 FT 15-510;4,01;KG;4,00 - 5,00 kg/m²
00180-056;StoGranit K 1,5 FT 15-520;4,01;KG;4,00 - 5,00 kg/m²
00180-057;StoGranit K 1,5 FT 15-600;4,01;KG;4,00 - 5,00 kg/m²
00180-058;StoGranit K 1,5 FT 15-610;4,01;KG;4,00 - 5,00 kg/m²
00180-059;StoGranit K 1,5 FT 15-620;4,01;KG;4,00 - 5,00 kg/m²
00180-060;StoGranit K 1,5 FT 15-700;4,01;KG;4,00 - 5,00 kg/m²
00180-061;StoGranit K 1,5 FT 15-710;4,01;KG;4,00 - 5,00 kg/m²
00180-062;StoGranit K 1,5 FT 15-720;4,01;KG;4,00 - 5,00 kg/m²
00180-038;StoGranit K 1,5 tinted;4,01;KG;4,00 - 5,00 kg/m²
00180-038;StoGranit K 1,5 tinted;12,96;KG;4,00 - 5,00 kg/m²
00300-007;StoLook Decor Fine 1,0 tinted;3,86;KG;
00302-005;StoLook Decor Medium 1,5 tinted;3,86;KG;
00302-001;StoLook Decor Medium 1,5 white;3,29;KG;
00735-017;StoLook Decor Perl 2,0 white;3,14;KG;
00819-001;StoLevell In Sil;1,62;KG;1,70 kg/m² per mm layer thickness
00819-002;StoLevell In Sil;1,30;KG;1,70 kg/m² per mm layer thickness
02970-001;StoLevell In Fill;1,04;KG;1,00 kg/m² per mm layer thickness
02970-002;StoLevell In Fill;2,12;KG;1,00 kg/m² per mm layer thickness
09320-007;StoLevell Calce FS tinted;1,68;KG;1,10 kg/m² per mm layer thickness
09320-008;StoLevell Calce FS natural white;1,10;KG;1,10 kg/m² per mm layer thickness
01276-008;StoLevell In RS;2,15;KG;1,5 kg/m² per mm layer thickness
01276-006;StoLevell In Z;2,15;KG;1,3 kg/m² per mm layer thickness
01245-001;StoLevell In AS;0,79;KG;1,70 kg/m² per mm layer thickness
01245-003;StoLevell In AS;1,01;KG;1,70 kg/m² per mm layer thickness
00327-001;StoLevell In FF;1,67;KG;1,5 kg/m² per mm layer thickness
08414-004;StoLevell In Repair;7,83;ST;
01213-001;StoLevell In Select;0,92;KG;1,70 kg/m² per mm layer thickness
00749-018;StoLevell In XXL;0,78;KG;1,70 kg/m² per mm layer thickness
00749-019;StoLevell In XXL;1,00;KG;1,70 kg/m² per mm layer thickness
17045-002;Sto-stucco tape 30 mm x 30 m, thickness 3 mm;9,92;ST;
17045-004;Sto-stucco tape 50 mm x 30 m thickness 3 mm;13,53;ST;
17045-005;Sto-stucco tape 70 mm x 30 m thickness 3 mm;16,13;ST;
00212-001;Aluminium Kantenprofil 250 cm;0,38;M;
04968-002;StoPrep Sil tinted;4,21;KG;0,35 kg/m² per coat
04968-001;StoPrep Sil white;3,62;KG;0,35 kg/m² per coat
00895/002;StoPrep Vapor Set;32,14;KG;0,60 kg/m² at 2 Anstrichen
00872-005;StoPrep In tinted;5,73;KG;0,2 - 0,3 kg/m² per coat
00872-006;StoPrep In tinted;5,17;KG;0,2 - 0,3 kg/m² per coat
00872-001;StoPrep In natural;4,59;KG;0,2 - 0,3 kg/m² per coat
00872-004;StoPrep In natural;5,15;KG;0,2 - 0,3 kg/m² per coat
01304-013;StoPrep Isol;16,61;L;0,10 - 0,19 l/m² per coat
01304-014;StoPrep Isol;15,79;L;0,10 - 0,19 l/m² per coat
02551-001;StoTex Classic 240 P double thread;4,18;M2;
04917-001;StoTex Classic 205 A Superfein;4,93;M2;1,00 m²/m²
02539-001;StoTex Classic 210 A Fein;3,73;M2;1,00 m²/m²
02540-001;StoTex Classic 220 A Mittel;4,52;M2;1,00 m²/m²
02554-001;StoTex Classic 205 P Superfein;3,93;M2;1,00 m²/m²
02549-001;StoTex Classic 210 P Fein;2,94;M2;1,00 m²/m²
02553-002;StoTex Classic 220 P Mittel;3,56;M2;1,00 m²/m²
02531-001;StoTex Classic 205 S Superfein;3,25;M2;1,00 m²/m²
02529-005;StoTex Classic 210 S Fein;2,27;M2;1,00 m²/m²
02520-003;StoTex Classic 215 S Fein;2,69;M2;1,00 m²/m²
02980-004;StoTex Classic 220 S Mittel;3,15;M2;1,00 m²/m²
02500-001;StoTex Classic 225 S Mittel;2,90;M2;1,00 m²/m²
02526-003;StoTex Classic 235 S Supergrob;3,48;M2;1,00 m²/m²
02981-002;StoTex Classic 240 S double thread;3,25;M2;1,00 m²/m²
02501-001;StoTex Classic 245 S Feinjute;4,45;M2;1,00 m²/m²
02528-002;StoTex Classic 265 S Fischgrat;3,38;M2;1,00 m²/m²
03487-001;StoEuro Trend coarse large roll 125 x 0,75;62,19;ST;0,01 St./m²
03488-001;StoEuro Trend coarse Kleinrolle 33,5 x 0,5;12,69;ST;0,06 St./m²
03489-001;StoEuro Trend mittel large roll 125 x 0,7;62,19;ST;0,01 St./m²
03490-001;StoEuro Trend mittel Kleinrolle 33,5 x 0;12,69;ST;0,06 St./m²
09626-003;StoEuro Vlies coarse 0,75 x 125 m per roll;1,06;M;1,33 m/m² at Breite: 0,75 m
09626-001;StoEuro Vlies coarse 0,75 x 25 m per rolle;1,06;M;1,33 m/m² at Breite: 0,75 m
09626-002;StoEuro Vlies coarse 1,06 x 25 m per rolle;1,49;M;1,33 m/m² at Breite: 0,75 m
09625-003;StoEuro Vlies mittel 0,75 x 125 m pro Ro;1,06;M;1,33 m/m² at Breite: 0,75 m
09625-001;StoEuro Vlies mittel 0,75 x 25 m pro Rol;1,06;M;1,33 m/m² at Breite: 0,75 m
09625-002;StoEuro Vlies mittel 1,06 x 25 m pro Rol;1,49;M;1,33 m/m² at Breite: 0,75 m
00541-008;StoTap Evo 110 approx. 0,75 x 100 m per roll;0,88;M;
00541-007;StoTap Evo 110 approx. 0,75 x 50 m per rolle;0,88;M;
00541-009;StoTap Evo 110 approx. 1,00 x 50 m per rolle;1,19;M;
00541-002;StoTap Evo 130 approx. 0,75 x 100 m per roll;0,99;M;
00541-001;StoTap Evo 130 approx. 0,75 x 50 m per rolle;0,99;M;
00541-003;StoTap Evo 130 approx. 1,00 x 50 m per rolle;1,36;M;
00541-005;StoTap Evo 150 approx. 0,75 x 100 m per roll;1,22;M;
00541-004;StoTap Evo 150 approx. 0,75 x 50 m per rolle;1,22;M;
00541-006;StoTap Evo 150 approx. 1,00 x 50 m per rolle;1,62;M;
02532-001;StoTap Select C 130 approx. 0,75 x 100 m pro;0,98;M;1,33 m/m² at 0,75 m Rollenbreite:
02532-002;StoTap Select C 150 approx. 0,75 x 100 m pro;1,28;M;1,33 m/m² at 0,75 m Rollenbreite:
09337-001;StoTap Pro 100 A;3,74;M2;
09337-002;StoTap Pro 100 A;3,74;M2;
02527-001;StoTap Pro 100 P approx. 1,00 x 50 m pro Rol;1,81;M2;1,00 m²/m² Gewicht approx. 195 g/m²
02509-001;StoTap Pro 100 S approx. 1,00 x 50 m pro Rol;0,80;M2;1,00 m²/m² Gewicht approx. 35 g/m²
02509-002;StoTap Pro 150 SV;0,80;M2;1,00 m²/m² Gewicht approx. 40 g/m²
02527-051;StoTap Select G 130 P;2,06;M2;1,00 m²/m² Gewicht approx. 130 g/m²
02527-052;StoTap Select G 140 A;3,12;M2;
00158-027;StoSilent Decor M tinted;7,37;KG;1,80 kg/m² at 2 work steps (only StoSilent Compact)
00158-028;StoSilent Decor M white;6,59;KG;1,80 kg/m² at 2 work steps (only StoSilent Compact)
00166-016;StoSilent Decor MF tinted;7,17;KG;1,80 kg/m² at 2 work steps StoSilent Compact
00166-017;StoSilent Decor MF white;6,40;KG;1,80 kg/m² at 2 work steps StoSilent Compact
03742-002;StoSilent Top Basic tinted;7,53;KG;1,50 - 3,00 kg/m² as Zwischenbeschichtung
03742-001;StoSilent Top Basic natural;6,76;KG;1,50 - 3,00 kg/m² as Zwischenbeschichtung
02579-002;StoSilent Top Finish tinted;7,82;KG;3,00 kg/m² as Schlussbeschichtung
02579-001;StoSilent Top Finish white;7,05;KG;3,00 kg/m² as Schlussbeschichtung
07101-008;StoSilent Modular 230 1150x1150 mm white;381,00;ST;1,00 St.
07101-006;StoSilent Modular 230 2350x1150 mm white;526,50;ST;1,00 St.
07101-007;StoSilent Modular 230 2350x750 mm white;492,00;ST;1,00 St.
07101-009;StoSilent Modular 230 R 575 mm white;406,50;ST;1,00 St.
00775-002;StoColl HT 600 ml Schlauchbeutel;11,03;ST;260 g/m² Consumption for das Verkleben der Akustikplatten im System StoSilent Distance.
01269-002;StoSilent Coll MW;1,74;KG;3,5 - 4,0 kg/m² bonding
01269-004;StoSilent Coll MW-G;2,04;KG;3,0 - 4,0 kg/m² bonding
00740-007;StoSilent Fleece Coll;6,92;KG;0,35 kg/m² as Kleber
00913-003;StoSilent Fleece;2,24;M;1,00 m/m²
00227-009;StoColor Silent tinted;10,26;L;0,15 - 0,30 l/m² per coat
00227-010;StoColor Silent white;8,94;L;0,15 - 0,30 l/m² per coat
00240-003;StoColor Silent N tinted;15,68;L;0,15 - 0,30 l/m² per coat
00240-004;StoColor Silent N white;14,37;L;0,15 - 0,30 l/m² per coat
00154-008;StoSilent Install Spot L 36 300x300x32 m;49,52;ST;1 St.
00154-003;StoSilent Install Spot L 46 300x300x42 m;52,10;ST;1 St.
00154-004;StoSilent Install Spot L 66 300x300x62 m;52,56;ST;1 St.
00154-007;StoSilent Install Spot M 36 200x200x32 m;40,46;ST;1 St.
00154-001;StoSilent Install Spot M 46 200x200x42 m;41,50;ST;1 St.
00154-002;StoSilent Install Spot M 66 200x200x62 m;47,81;ST;1 St.
00782-004;StoSilent Miral AP;1,49;L;15,0 l/m² am highest point (15 mm render application)/dry compound
04075-008;StoSilent Profile AP 16,5 mm white 2,5 m;9,18;M;1,00 m/m
04075-022;StoSilent Profile AP 21,5 mm white 2,5 m;9,81;M;1,00 m/m
04075-023;StoSilent Profile AP 27,5 mm white 2,5 m;10,47;M;1,00 m/m
04075-017;StoSilent Profile AP 210 40x30 mm;5,21;M;1,00 m/m
04075-015;StoSilent Profile AP 210 50x30 mm;5,81;M;1,00 m/m
04075-016;StoSilent Profile AP 210 70x30 mm;6,25;M;1,00 m/m
01041-002;StoSilent Profile AS 20 x 10 mm;1,40;M;1,00 m/m
04075-012;StoSilent Profile EW-Q L: 2 m;2,45;ST;1,00 m/m
04075-020;StoSilent Profile EW-V L: 2 m;2,71;ST;1,00 m/m
04075-011;StoSilent Profile FB-Q L: 2 m;2,71;ST;1,00 m/m
04075-021;StoSilent Profile FB-V L: 2 m;2,45;ST;1,00 m/m
01208-001;StoSilent Fix;4,10;KG;0,50 kg/m² at kleinformatigen Platten
01208-003;StoSilent Filler;22,12;KG;0,10 kg/m²
01207-005;StoSilent Plan;8,34;KG;0,25 kg/m² as Egalisierungsmasse at kleinformatigen Platten
01207-007;StoSilent Plan;4,60;KG;0,25 kg/m² as Egalisierungsmasse at kleinformatigen Platten
04865-010;StoSilent Board 300 15 mm 1200 x 800 mm;57,01;M2;1,00 m²/m²
04865-011;StoSilent Board 300 15 mm 2400 x 1200 mm;57,01;M2;1,00 m²/m²
03255-007;StoSilent Board 310 15 mm 1200 x 800 mm;54,67;M2;1,00 m²/m²
03255-008;StoSilent Board 310 15 mm 2400 x 1200 mm;54,67;M2;1,00 m²/m²
03553-005;StoSilent Board 310 F 15 mm 2400 x 1200;57,93;M2;1,00 m²/m²
03548-001;StoSilent Board 100 S 25 mm 1200 x 625 m;66,13;M2;1,00 m²/m²
04779-008;StoSilent Board 105 C 25 mm 1200 x 625 m;59,93;M2;1,00 m²/m²
03566-001;StoSilent Board 110 S 25 mm 1200 x 625 m;63,08;M2;1,00 m²/m²
00216-001;StoSilent Board R 400 tinted 625x310x50;62,12;ST;1,6 St./m
03225-004;StoSilent Board MW 100 36 mm 800 x 600 m;20,63;ST;2,08 St./m²
03225-005;StoSilent Board MW 100 46 mm 800 x 600 m;22,29;ST;2,08 St./m²
03225-006;StoSilent Board MW 100 66 mm 800 x 600 m;25,66;ST;2,08 St./m²
08799-004;StoSilent Profile Tape 60 mm thickness 0,5 m;2,47;M;2,50 m/m²
00894-006;StoSilent Prep Quarz;7,06;KG;0,90 kg/m² as Grundierung (Haftgrund) at Spritzauftrag
14364-001;Sto-Sidings-Profilband Breite 75 mm;0,71;M;1,00 m/m
08754-005;StoSeal Band BK 75 mm;1,40;M;1,00 m/m
00018-013;Sto-ceiling insulation screw SW 225 mm;2,75;ST;5,00 St./m²
00018-014;Sto-ceiling insulation screw SW 250 mm;3,77;ST;5,00 St./m²
02572-001;StoCarrier Helio 1 cm 120x80 cm;23,48;ST;
02572-002;StoCarrier Helio 2,5 cm 120x80 cm;37,13;ST;
02573-001;StoCarrier Helio W 2,5-0,5 cm 60x40 cm;18,38;ST;
01248-001;Sto-mineral foam insulation wedge W 6-2 cm;52,50;M2;1,00 m²/m²
01234-001;Sto-mineral foam reveal insulation 2 cm;63,00;M2;1,00 m²/m²
01233-004;Sto-mineral foam interior insulation board 10cm;61,55;M2;1,00 m²/m²
01233-004;Sto-mineral foam interior insulation board 10cm;41,30;M2;1,00 m²/m²
01233-004;Sto-mineral foam interior insulation board 10cm;35,30;M2;1,00 m²/m²
01233-005;Sto-mineral foam interior insulation board 12 cm;73,86;M2;1,00 m²/m²
01233-005;Sto-mineral foam interior insulation board 12 cm;49,56;M2;1,00 m²/m²
01233-005;Sto-mineral foam interior insulation board 12 cm;42,36;M2;1,00 m²/m²
01233-006;Sto-mineral foam interior insulation board 14 cm;86,17;M2;1,00 m²/m²
01233-006;Sto-mineral foam interior insulation board 14 cm;57,82;M2;1,00 m²/m²
01233-006;Sto-mineral foam interior insulation board 14 cm;49,42;M2;1,00 m²/m²
01233-007;Sto-mineral foam interior insulation board 16 cm;98,48;M2;1,00 m²/m²
01233-007;Sto-mineral foam interior insulation board 16 cm;66,08;M2;1,00 m²/m²
01233-007;Sto-mineral foam interior insulation board 16 cm;56,48;M2;1,00 m²/m²
01233-008;Sto-mineral foam interior insulation board 18 cm;110,79;M2;1,00 m²/m²
01233-008;Sto-mineral foam interior insulation board 18 cm;74,34;M2;1,00 m²/m²
01233-008;Sto-mineral foam interior insulation board 18 cm;63,54;M2;1,00 m²/m²
01233-009;Sto-mineral foam interior insulation board 20 cm;123,10;M2;1,00 m²/m²
01233-009;Sto-mineral foam interior insulation board 20 cm;82,60;M2;1,00 m²/m²
01233-009;Sto-mineral foam interior insulation board 20 cm;70,60;M2;1,00 m²/m²
01233-002;Sto-mineral foam interior insulation board 6 cm;36,93;M2;1,00 m²/m²
01233-002;Sto-mineral foam interior insulation board 6 cm;24,78;M2;1,00 m²/m²
01233-002;Sto-mineral foam interior insulation board 6 cm;21,18;M2;1,00 m²/m²
01233-003;Sto-mineral foam interior insulation board 8 cm;49,24;M2;1,00 m²/m²
01233-003;Sto-mineral foam interior insulation board 8 cm;33,04;M2;1,00 m²/m²
01233-003;Sto-mineral foam interior insulation board 8 cm;28,24;M2;1,00 m²/m²
00099-004;Sto-Perlite-interior insulation board 045 10 cm 62;81,80;M2;1,00 m²/m²
00099-004;Sto-Perlite-interior insulation board 045 10 cm 62;69,35;M2;1,00 m²/m²
00099-002;Sto-Perlite-interior insulation board 045 6 cm 62,;49,08;M2;1,00 m²/m²
00099-002;Sto-Perlite-interior insulation board 045 6 cm 62,;41,61;M2;1,00 m²/m²
00099-003;Sto-Perlite-interior insulation board 045 8 cm 62,;65,44;M2;1,00 m²/m²
00099-003;Sto-Perlite-interior insulation board 045 8 cm 62,;55,48;M2;1,00 m²/m²
00067-003;Sto-ceiling insulation board MW B2 10 cm;19,50;M2;1,00 m²/m²
00067-004;Sto-ceiling insulation board MW B2 12 cm;23,40;M2;1,00 m²/m²
00067-005;Sto-ceiling insulation board MW B2 14 cm;27,30;M2;1,00 m²/m²
00067-006;Sto-ceiling insulation board MW B2 16 cm;31,20;M2;1,00 m²/m²
00067-007;Sto-ceiling insulation board MW B2 18 cm;35,10;M2;1,00 m²/m²
00067-008;Sto-ceiling insulation board MW B2 20 cm;39,00;M2;1,00 m²/m²
00067-001;Sto-ceiling insulation board MW B2 6 cm;11,70;M2;1,00 m²/m²
00067-002;Sto-ceiling insulation board MW B2 8 cm;15,60;M2;1,00 m²/m²
00065-020;Sto-ceiling insulation board MW V-II 10 cm;19,50;M2;
00065-021;Sto-ceiling insulation board MW V-II 12 cm;23,40;M2;
00065-022;Sto-ceiling insulation board MW V-II 14 cm;27,30;M2;
00065-023;Sto-ceiling insulation board MW V-II 16 cm;31,20;M2;
00065-024;Sto-ceiling insulation board MW V-II 18 cm;35,10;M2;
00065-025;Sto-ceiling insulation board MW V-II 20 cm;39,00;M2;
00065-017;Sto-ceiling insulation board MW V-II 5 cm;9,75;M2;
00065-018;Sto-ceiling insulation board MW V-II 6 cm;11,70;M2;
00065-019;Sto-ceiling insulation board MW V-II 8 cm;15,60;M2;
01052-003;Sto-ceiling insulation board MW V-III 10 cm;19,50;M2;
01052-004;Sto-ceiling insulation board MW V-III 12 cm;23,40;M2;
01052-005;Sto-ceiling insulation board MW V-III 14 cm;27,30;M2;
01052-006;Sto-ceiling insulation board MW V-III 16 cm;31,20;M2;
01052-007;Sto-ceiling insulation board MW V-III 18 cm;35,10;M2;
01052-001;Sto-ceiling insulation board MW V-III 6 cm;11,70;M2;
01052-002;Sto-ceiling insulation board MW V-III 8 cm;15,60;M2;
00063-004;Sto-ceiling insulation board MW-L B/F 10 cm;19,50;M2;1,00 m²/m²
00063-005;Sto-ceiling insulation board MW-L B/F 12 cm;23,40;M2;1,00 m²/m²
00063-006;Sto-ceiling insulation board MW-L B/F 14 cm;27,30;M2;1,00 m²/m²
00063-007;Sto-ceiling insulation board MW-L B/F 16 cm;31,20;M2;1,00 m²/m²
00063-008;Sto-ceiling insulation board MW-L B/F 18 cm;35,10;M2;1,00 m²/m²
00063-009;Sto-ceiling insulation board MW-L B/F 20 cm;39,00;M2;1,00 m²/m²
00063-001;Sto-ceiling insulation board MW-L B/F 5 cm;9,75;M2;1,00 m²/m²
00063-002;Sto-ceiling insulation board MW-L B/F 6 cm;11,70;M2;1,00 m²/m²
00063-003;Sto-ceiling insulation board MW-L B/F 8 cm;15,60;M2;1,00 m²/m²
14030-014;StoColl CX;1,02;KG;6,00 - 8,00 kg/m²
08908-002;StoLevell In Absolute;1,75;KG;6,50 - 13,00 kg/m² bonding
00042-001;StoLevell In Mineral;1,38;KG;5,00 - 10,00 kg/m² bonding
08401-011;StoAllgrund AF tinted;20,55;L;0,08 - 0,10 l/m² per coat
08401-015;StoAllgrund AF tinted;25,09;L;0,08 - 0,10 l/m² per coat
08401-009;StoAllgrund AF white;17,80;L;0,08 - 0,10 l/m² per coat
08401-016;StoAllgrund AF white;22,06;L;0,08 - 0,10 l/m² per coat
08401-017;StoAllgrund Spray weiss;7,68;ST;0,07 l/m² per coat
04806-010;StoCorr Finish tinted;19,67;L;0,18 - 0,20 l/m² per coat
04806-011;StoCorr Finish tinted;17,10;L;0,18 - 0,20 l/m² per coat
04806-012;StoCorr Finish tinted;16,52;L;0,18 - 0,20 l/m² per coat
08441-019;StoCorr Metalllack tinted;23,36;L;0,11 - 0,13 l/m² per coat
08441-021;StoCorr Metalllack tinted;20,81;L;0,11 - 0,13 l/m² per coat
08441-023;StoCorr Metalllack tinted;20,22;L;0,11 - 0,13 l/m² per coat
08441-020;StoCorr Metalllack white;20,34;L;0,11 - 0,13 l/m² per coat
08441-022;StoCorr Metalllack white;17,78;L;0,11 - 0,13 l/m² per coat
08441-024;StoCorr Metalllack white;17,20;L;0,11 - 0,13 l/m² per coat
08435-002;StoPremiumlack Gloss AF tinted;20,70;L;0,10 - 0,12 l/m² per coat
08418-001;StoPremiumlack Gloss AF white;17,94;L;0,10 - 0,12 l/m² per coat
08727-008;StoPremiumlack Metallic AF tinted;28,58;L;0,09 - 0,11 l/m² per coat
08436-007;StoPremiumlack Satin AF tinted;22,30;L;0,10 - 0,12 l/m² per coat
08436-008;StoPremiumlack Satin AF tinted;23,87;L;0,10 - 0,12 l/m² per coat
08436-010;StoPremiumlack Satin AF tinted;27,01;L;0,10 - 0,12 l/m² per coat
08420-001;StoPremiumlack Satin AF white;19,55;L;0,10 - 0,12 l/m² per coat
08420-005;StoPremiumlack Satin AF white;20,84;L;0,10 - 0,12 l/m² per coat
08420-009;StoPremiumlack Satin AF white;23,98;L;0,10 - 0,12 l/m² per coat
09655-001;StoPrim Protect BS;11,59;L;135 - 140 ml/m² per coat
09655-002;StoPrim Protect BS;11,01;L;135 - 140 ml/m² per coat
08430-001;StoRadiatorlack AF;16,27;L;0,10 - 0,12 l/m² per coat
08433-020;StoVentilack Satin AF tinted;25,79;L;0,10 - 0,13 l/m² per coat
08433-021;StoVentilack Satin AF tinted;23,23;L;0,10 - 0,13 l/m² per coat
08433-022;StoVentilack Satin AF tinted;22,64;L;0,10 - 0,13 l/m² per coat
08433-023;StoVentilack Satin AF white;22,76;L;0,10 - 0,13 l/m² per coat
08433-024;StoVentilack Satin AF white;20,20;L;0,10 - 0,13 l/m² per coat
08433-025;StoVentilack Satin AF white;19,61;L;0,10 - 0,13 l/m² per coat
08415-010;StoVorlack AF tinted;22,87;L;0,09 - 0,13 l/m² per coat
08415-012;StoVorlack AF tinted;19,73;L;0,09 - 0,13 l/m² per coat
08415-014;StoVorlack AF tinted;18,51;L;0,09 - 0,13 l/m² per coat
08415-011;StoVorlack AF white;19,84;L;0,09 - 0,13 l/m² per coat
08415-013;StoVorlack AF white;16,70;L;0,09 - 0,13 l/m² per coat
08415-015;StoVorlack AF white;15,77;L;0,09 - 0,13 l/m² per coat
08405-009;StoAqua all-purpose primer tinted;24,21;L;0,11 - 0,13 l/m² per coat
08405-011;StoAqua all-purpose primer tinted;19,00;L;0,11 - 0,13 l/m² per coat
08405-013;StoAqua all-purpose primer tinted;20,26;L;0,11 - 0,13 l/m² per coat
08405-010;StoAqua all-purpose primer white;21,19;L;0,11 - 0,13 l/m² per coat
08405-012;StoAqua all-purpose primer white;16,26;L;0,11 - 0,13 l/m² per coat
08405-014;StoAqua all-purpose primer white;17,24;L;0,11 - 0,13 l/m² per coat
08446-002;StoAqua Cristallack PU Gloss;20,00;L;0,08 - 0,11 l/m² per coat
08442-001;StoAqua Cristallack PU matte;15,17;L;
08447-003;StoAqua Cristallack PU Satinmatt;20,05;L;0,08 - 0,11 l/m² per coat
09555-001;StoAqua Emaille PU Gloss tinted;23,69;L;0,09 - 0,11 l/m²
09555-003;StoAqua Emaille PU Gloss tinted;24,26;L;0,09 - 0,11 l/m²
09555-004;StoAqua Emaille PU Gloss white;21,24;L;0,09 - 0,11 l/m²
09742-004;StoAqua Emaille PU matte tinted;21,73;L;0,08 - 0,10 l/m²
09334-001;StoAqua Emaille PU Satin tinted;26,31;L;0,09 - 0,11 l/m²
09334-006;StoAqua Emaille PU Satin tinted;23,75;L;0,09 - 0,11 l/m²
09334-011;StoAqua Emaille PU Satin tinted;23,16;L;0,09 - 0,11 l/m²
09334-002;StoAqua Emaille PU Satin white;23,28;L;0,09 - 0,11 l/m²
09334-007;StoAqua Emaille PU Satin white;20,72;L;0,09 - 0,11 l/m²
09334-012;StoAqua Emaille PU Satin white;20,14;L;0,09 - 0,11 l/m²
00198-001;StoAqua Emaille PU Satin Airless white;20,13;L;0,15 - 0,25 l/m²
08729-001;StoAqua Radiatorlack;17,26;L;0,13 l/m² per coat
08725-003;StoAqua Ventilack Satin tinted;21,42;L;0,13 - 0,20 l/m² per coat
08725-006;StoAqua Ventilack Satin tinted;22,91;L;0,13 - 0,20 l/m² per coat
08725-011;StoAqua Ventilack Satin tinted;26,06;L;0,13 - 0,20 l/m² per coat
08725-001;StoAqua Ventilack Satin white;18,68;L;0,13 - 0,20 l/m² per coat
08725-005;StoAqua Ventilack Satin white;19,88;L;0,13 - 0,20 l/m² per coat
08725-012;StoAqua Ventilack Satin white;23,03;L;0,13 - 0,20 l/m² per coat
08731-003;StoAqua Vorlack PU tinted;24,11;L;0,12 - 0,14 l/m² per coat
08731-005;StoAqua Vorlack PU tinted;23,52;L;0,12 - 0,14 l/m² per coat
08731-001;StoAqua Vorlack PU white;21,08;L;0,12 - 0,14 l/m² per coat
08731-006;StoAqua Vorlack PU white;20,49;L;0,12 - 0,14 l/m² per coat
00215-004;StoPrim Isol Wood tinted;19,19;L;0,09 - 0,10 l/m² per coat
00215-005;StoPrim Isol Wood tinted;18,61;L;0,09 - 0,10 l/m² per coat
00215-001;StoPrim Isol Wood white;16,16;L;0,09 - 0,10 l/m² per coat
00215-002;StoPrim Isol Wood white;15,58;L;0,09 - 0,10 l/m² per coat
00215-006;StoPrim Isol Wood white;19,15;L;0,09 - 0,10 l/m² per coat
00568/012;StoPrim Activ Combi;33,35;L;0,08 - 0,10 l/m² per coat
00568/013;StoPrim Activ Combi;29,51;L;0,08 - 0,10 l/m² per coat
08423/001;StoAqua 2K PU Seidenmatt Set tinted;33,68;L;
09556/001;StoAqua EP Activ Combi;16,69;ST;0,09 - 0,12 l/m² per coat
09559/001;presto filling compound Combi 0,25 kg;6,66;ST;
08413-002;Sto-Malerspachtel 400 g;7,86;ST;
01143-001;StoFluid AF;4,67;L;
01143-002;StoFluid AF;5,32;L;
01143-003;StoFluid AF;7,26;L;
08243-003;StoFluid SH 20;17,21;L;
09559/005;StoLevell 2K-PE Combi 0,250 kg;6,41;ST;
09559-005;StoLevell 2K-PE Komp. A 0,242 kg;6,41;ST;
09560-003;StoLevell 2K-PE Komp. B 0,008 kg;6,41;ST;
08728-001;StoTop Protectlasur tinted;16,91;L;0,05 - 0,08 l/m² per coat
08728-003;StoTop Protectlasur tinted;16,34;L;0,05 - 0,08 l/m² per coat
08728-004;StoTop Protectlasur tinted;19,48;L;0,05 - 0,08 l/m² per coat
08443-002;StoTop Thixlasur AF tinted;16,88;L;0,09 - 0,17 l/m² per coat
08443-045;StoTop Thixlasur AF tinted;18,78;L;0,09 - 0,17 l/m² per coat
08443-018;StoTop Thixlasur AF weiss;16,88;L;0,09 - 0,17 l/m² per coat
08443-046;StoTop Thixlasur AF weiss;18,78;L;0,09 - 0,17 l/m² per coat
08443-044;StoTop Thixlasur AF white;16,29;L;0,09 - 0,17 l/m² per coat
00213-005;StoTop Wood Oil tinted;21,01;L;0,10 - 0,12 l/m²
00213-006;StoTop Wood Oil natural;17,98;L;0,10 - 0,12 l/m²
02399-004;StoAqua Top Satin tinted;17,09;L;0,12 - 0,17 l/m² per coat
02399-005;StoAqua Top Satin tinted;17,68;L;0,12 - 0,17 l/m² per coat
00214-006;StoAqua Top Wood Oil farblos;17,98;L;0,08 - 0,10 l/m² per coat
00214-005;StoAqua Top Wood Oil tinted;21,01;L;0,08 - 0,10 l/m² per coat
00344-008;StoPrim Protect Wood;12,41;L;0,1 l/m² against blue stain fungi
00344-009;StoPrim Protect Wood;12,98;L;0,1 l/m² against blue stain fungi
12350-117;Universalklammern;1,73;ST;
17000-002;StoRoller TopFiller 180-14-46;6,93;ST;
17000-001;StoRoller TopFiller 250-14-46;7,63;ST;
17000-005;StoRoller® EffectFine 250-0-42;8,65;ST;
17000-006;StoRoller® EffectPisello 250-0-42;11,13;ST;
17000-003;StoRoller® EffectRuvido 100-0-15;1,37;ST;
17000-004;StoRoller® EffectRuvido 250-0-42;7,97;ST;
17000-030;StoRoller® SoftFinish 50-0-17;0,80;ST;
17000-028;StoRoller® SoftFinish Konkav 100-0-17;1,25;ST;
17000-029;StoRoller® SoftFinish Konvex 100-0-17;1,18;ST;
08387-005;Sto-garbage bag blue 120 L 700 x 1100 mm,;10,72;ST;
08241-015;Sto-Moltoprenschwamm black 280x140mm f;7,11;ST;
17051-001;StoSmooth Trockenbauspachtel Softgriff 1;12,82;ST;
17090-008;Soudal Profi-gun foam champagner,;8,04;ST;
17001-018;Kip 300 fine crepe tape 24 mm x 50 m;1,86;ST;
17001-019;Kip 300 fine crepe tape 30 mm x 50 m;2,56;ST;
17001-020;Kip 300 fine crepe tape 36 mm x 50 m;2,76;ST;
17013-010;Kip 3813 Schutzfolie blue/transparent 10;51,72;ST;
17013-008;Kip 3813 Schutzfolie blue/transparent 25;12,74;ST;
17013-009;Kip 3813 Schutzfolie blue/transparent 50;23,78;ST;
17013-009;Kip 3813 Schutzfolie blue/transparent 50;22,39;ST;
17018-006;Kip 3818 PVC-Schutzband gelb 50 mm x 33;2,92;ST;
17018-006;Kip 3818 PVC-Schutzband gelb 50 mm x 33;2,69;ST;
17018-008;Kip 3818 PVC-Schutzband white 50 mm x 33;2,94;ST;
17024-001;Kip 3824 Steinband silber 50 mm x 50 m;5,28;ST;
17024-001;Kip 3824 Steinband silber 50 mm x 50 m;4,90;ST;
17033-015;Kip 3833 Gewebeband-Masker 1500 mm x 20;3,37;ST;
17033-017;Kip 3833 Gewebeband-Masker 2600 mm x 17;3,52;ST;
08250-003;Sto-cover film-HDPE Kurzrolle transpare;5,72;ST;
08250-004;Sto-cover film-LDPE transparent 0,03 mm;21,57;ST;
08251-001;Sto-Abdeckvlies approx. 100 cm x 25 m;22,81;ST;
08251-003;Sto-Abdeckvlies approx. 100 cm x 50 m;46,18;ST;
08251-013;Sto-Abdeckvlies Basic approx. 100 cm x 50 m;28,33;ST;
08251-013;Sto-Abdeckvlies Basic approx. 100 cm x 50 m;27,01;ST;
08251-014;StoCover FleeceCompact 170-65;15,14;ST;
08251-014;StoCover FleeceCompact 170-65;13,63;ST;
17090-012;Sto-Formflex Acryl white, 310 ml;1,61;ST;
17070-011;Sto-Ultra Cleaner 500 ml on Limonenbasi;17,60;ST;
17072-021;StoColor Isol Spray white 400 ml;10,69;ST;
